file,line,type,commit,author,date,time,timezone,datetime,depth,length
style.css,1,css,694c1386,Ethan Lam,2025-01-25,20:47:04,-08:00,2025-01-25T20:47:04-08:00,0,5
style.css,2,css,694c1386,Ethan Lam,2025-01-25,20:47:04,-08:00,2025-01-25T20:47:04-08:00,0,24
style.css,3,css,694c1386,Ethan Lam,2025-01-25,20:47:04,-08:00,2025-01-25T20:47:04-08:00,0,24
style.css,4,css,694c1386,Ethan Lam,2025-01-25,20:47:04,-08:00,2025-01-25T20:47:04-08:00,0,17
style.css,5,css,694c1386,Ethan Lam,2025-01-25,20:47:04,-08:00,2025-01-25T20:47:04-08:00,0,0
style.css,6,css,694c1386,Ethan Lam,2025-01-25,20:47:04,-08:00,2025-01-25T20:47:04-08:00,0,0
style.css,7,css,3303ea02,Ethan Lam,2025-01-15,23:55:12,-08:00,2025-01-15T23:55:12-08:00,0,6
style.css,8,css,694c1386,Ethan Lam,2025-01-25,20:47:04,-08:00,2025-01-25T20:47:04-08:00,0,23
style.css,9,css,694c1386,Ethan Lam,2025-01-25,20:47:04,-08:00,2025-01-25T20:47:04-08:00,0,0
style.css,10,css,694c1386,Ethan Lam,2025-01-25,20:47:04,-08:00,2025-01-25T20:47:04-08:00,0,0
style.css,11,css,694c1386,Ethan Lam,2025-01-25,20:47:04,-08:00,2025-01-25T20:47:04-08:00,0,14
style.css,12,css,694c1386,Ethan Lam,2025-01-25,20:47:04,-08:00,2025-01-25T20:47:04-08:00,0,53
style.css,13,css,694c1386,Ethan Lam,2025-01-25,20:47:04,-08:00,2025-01-25T20:47:04-08:00,0,9
style.css,14,css,694c1386,Ethan Lam,2025-01-25,20:47:04,-08:00,2025-01-25T20:47:04-08:00,0,11
style.css,15,css,694c1386,Ethan Lam,2025-01-25,20:47:04,-08:00,2025-01-25T20:47:04-08:00,0,38
style.css,16,css,694c1386,Ethan Lam,2025-01-25,20:47:04,-08:00,2025-01-25T20:47:04-08:00,0,40
style.css,17,css,694c1386,Ethan Lam,2025-01-25,20:47:04,-08:00,2025-01-25T20:47:04-08:00,0,51
style.css,18,css,694c1386,Ethan Lam,2025-01-25,20:47:04,-08:00,2025-01-25T20:47:04-08:00,0,48
style.css,19,css,694c1386,Ethan Lam,2025-01-25,20:47:04,-08:00,2025-01-25T20:47:04-08:00,0,63
style.css,20,css,694c1386,Ethan Lam,2025-01-25,20:47:04,-08:00,2025-01-25T20:47:04-08:00,0,0
style.css,21,css,694c1386,Ethan Lam,2025-01-25,20:47:04,-08:00,2025-01-25T20:47:04-08:00,0,0
style.css,22,css,694c1386,Ethan Lam,2025-01-25,20:47:04,-08:00,2025-01-25T20:47:04-08:00,0,32
style.css,23,css,694c1386,Ethan Lam,2025-01-25,20:47:04,-08:00,2025-01-25T20:47:04-08:00,0,20
style.css,24,css,3303ea02,Ethan Lam,2025-01-15,23:55:12,-08:00,2025-01-15T23:55:12-08:00,0,0
style.css,25,css,3303ea02,Ethan Lam,2025-01-15,23:55:12,-08:00,2025-01-15T23:55:12-08:00,0,0
style.css,26,css,66cb3f27,Ethan Lam,2025-01-10,17:23:06,-08:00,2025-01-10T17:23:06-08:00,0,5
style.css,27,css,66cb3f27,Ethan Lam,2025-01-10,17:23:06,-08:00,2025-01-10T17:23:06-08:00,0,44
style.css,28,css,66cb3f27,Ethan Lam,2025-01-10,17:23:06,-08:00,2025-01-10T17:23:06-08:00,0,43
style.css,29,css,66cb3f27,Ethan Lam,2025-01-10,17:23:06,-08:00,2025-01-10T17:23:06-08:00,0,1
style.css,30,css,66cb3f27,Ethan Lam,2025-01-10,17:23:06,-08:00,2025-01-10T17:23:06-08:00,0,24
style.css,31,css,3303ea02,Ethan Lam,2025-01-15,23:55:12,-08:00,2025-01-15T23:55:12-08:00,0,16
style.css,32,css,3303ea02,Ethan Lam,2025-01-15,23:55:12,-08:00,2025-01-15T23:55:12-08:00,0,14
style.css,33,css,3303ea02,Ethan Lam,2025-01-15,23:55:12,-08:00,2025-01-15T23:55:12-08:00,0,29
style.css,34,css,3303ea02,Ethan Lam,2025-01-15,23:55:12,-08:00,2025-01-15T23:55:12-08:00,0,33
style.css,35,css,3303ea02,Ethan Lam,2025-01-15,23:55:12,-08:00,2025-01-15T23:55:12-08:00,0,0
style.css,36,css,3303ea02,Ethan Lam,2025-01-15,23:55:12,-08:00,2025-01-15T23:55:12-08:00,0,0
style.css,37,css,3303ea02,Ethan Lam,2025-01-15,23:55:12,-08:00,2025-01-15T23:55:12-08:00,0,2
style.css,38,css,3303ea02,Ethan Lam,2025-01-15,23:55:12,-08:00,2025-01-15T23:55:12-08:00,0,16
style.css,39,css,3303ea02,Ethan Lam,2025-01-15,23:55:12,-08:00,2025-01-15T23:55:12-08:00,0,0
style.css,40,css,3303ea02,Ethan Lam,2025-01-15,23:55:12,-08:00,2025-01-15T23:55:12-08:00,0,0
style.css,41,css,3303ea02,Ethan Lam,2025-01-15,23:55:12,-08:00,2025-01-15T23:55:12-08:00,0,4
style.css,42,css,3303ea02,Ethan Lam,2025-01-15,23:55:12,-08:00,2025-01-15T23:55:12-08:00,0,13
style.css,43,css,3303ea02,Ethan Lam,2025-01-15,23:55:12,-08:00,2025-01-15T23:55:12-08:00,0,0
style.css,44,css,3303ea02,Ethan Lam,2025-01-15,23:55:12,-08:00,2025-01-15T23:55:12-08:00,0,0
style.css,45,css,3303ea02,Ethan Lam,2025-01-15,23:55:12,-08:00,2025-01-15T23:55:12-08:00,0,6
style.css,46,css,3303ea02,Ethan Lam,2025-01-15,23:55:12,-08:00,2025-01-15T23:55:12-08:00,0,7
style.css,47,css,3303ea02,Ethan Lam,2025-01-15,23:55:12,-08:00,2025-01-15T23:55:12-08:00,0,21
style.css,48,css,694c1386,Ethan Lam,2025-01-25,20:47:04,-08:00,2025-01-25T20:47:04-08:00,0,17
style.css,49,css,3303ea02,Ethan Lam,2025-01-15,23:55:12,-08:00,2025-01-15T23:55:12-08:00,0,18
style.css,50,css,3303ea02,Ethan Lam,2025-01-15,23:55:12,-08:00,2025-01-15T23:55:12-08:00,0,14
style.css,51,css,3303ea02,Ethan Lam,2025-01-15,23:55:12,-08:00,2025-01-15T23:55:12-08:00,0,0
style.css,52,css,3303ea02,Ethan Lam,2025-01-15,23:55:12,-08:00,2025-01-15T23:55:12-08:00,0,0
style.css,53,css,3303ea02,Ethan Lam,2025-01-15,23:55:12,-08:00,2025-01-15T23:55:12-08:00,0,12
style.css,54,css,ac03bf34,Ethan Lam,2025-01-25,21:04:30,-08:00,2025-01-25T21:04:30-08:00,0,70
style.css,55,css,ac03bf34,Ethan Lam,2025-01-25,21:04:30,-08:00,2025-01-25T21:04:30-08:00,0,43
style.css,56,css,3303ea02,Ethan Lam,2025-01-15,23:55:12,-08:00,2025-01-15T23:55:12-08:00,0,0
style.css,57,css,3303ea02,Ethan Lam,2025-01-15,23:55:12,-08:00,2025-01-15T23:55:12-08:00,0,0
style.css,58,css,3303ea02,Ethan Lam,2025-01-15,23:55:12,-08:00,2025-01-15T23:55:12-08:00,0,14
style.css,59,css,694c1386,Ethan Lam,2025-01-25,20:47:04,-08:00,2025-01-25T20:47:04-08:00,0,17
style.css,60,css,ac03bf34,Ethan Lam,2025-01-25,21:04:30,-08:00,2025-01-25T21:04:30-08:00,0,70
style.css,61,css,694c1386,Ethan Lam,2025-01-25,20:47:04,-08:00,2025-01-25T20:47:04-08:00,0,0
style.css,62,css,694c1386,Ethan Lam,2025-01-25,20:47:04,-08:00,2025-01-25T20:47:04-08:00,0,0
style.css,63,css,3303ea02,Ethan Lam,2025-01-15,23:55:12,-08:00,2025-01-15T23:55:12-08:00,0,5
style.css,64,css,3303ea02,Ethan Lam,2025-01-15,23:55:12,-08:00,2025-01-15T23:55:12-08:00,0,13
style.css,65,css,3303ea02,Ethan Lam,2025-01-15,23:55:12,-08:00,2025-01-15T23:55:12-08:00,0,31
style.css,66,css,3303ea02,Ethan Lam,2025-01-15,23:55:12,-08:00,2025-01-15T23:55:12-08:00,0,8
style.css,67,css,3303ea02,Ethan Lam,2025-01-15,23:55:12,-08:00,2025-01-15T23:55:12-08:00,0,16
style.css,68,css,3303ea02,Ethan Lam,2025-01-15,23:55:12,-08:00,2025-01-15T23:55:12-08:00,0,16
style.css,69,css,3303ea02,Ethan Lam,2025-01-15,23:55:12,-08:00,2025-01-15T23:55:12-08:00,0,0
style.css,70,css,3303ea02,Ethan Lam,2025-01-15,23:55:12,-08:00,2025-01-15T23:55:12-08:00,0,0
style.css,71,css,3303ea02,Ethan Lam,2025-01-15,23:55:12,-08:00,2025-01-15T23:55:12-08:00,0,6
style.css,72,css,3303ea02,Ethan Lam,2025-01-15,23:55:12,-08:00,2025-01-15T23:55:12-08:00,0,13
style.css,73,css,3303ea02,Ethan Lam,2025-01-15,23:55:12,-08:00,2025-01-15T23:55:12-08:00,0,30
style.css,74,css,3303ea02,Ethan Lam,2025-01-15,23:55:12,-08:00,2025-01-15T23:55:12-08:00,0,18
style.css,75,css,3303ea02,Ethan Lam,2025-01-15,23:55:12,-08:00,2025-01-15T23:55:12-08:00,0,0
style.css,76,css,3303ea02,Ethan Lam,2025-01-15,23:55:12,-08:00,2025-01-15T23:55:12-08:00,0,0
style.css,77,css,3303ea02,Ethan Lam,2025-01-15,23:55:12,-08:00,2025-01-15T23:55:12-08:00,0,6
style.css,78,css,3303ea02,Ethan Lam,2025-01-15,23:55:12,-08:00,2025-01-15T23:55:12-08:00,0,11
style.css,79,css,3303ea02,Ethan Lam,2025-01-15,23:55:12,-08:00,2025-01-15T23:55:12-08:00,0,0
style.css,80,css,3303ea02,Ethan Lam,2025-01-15,23:55:12,-08:00,2025-01-15T23:55:12-08:00,0,0
style.css,81,css,3303ea02,Ethan Lam,2025-01-15,23:55:12,-08:00,2025-01-15T23:55:12-08:00,0,7
style.css,82,css,3303ea02,Ethan Lam,2025-01-15,23:55:12,-08:00,2025-01-15T23:55:12-08:00,0,19
style.css,83,css,3303ea02,Ethan Lam,2025-01-15,23:55:12,-08:00,2025-01-15T23:55:12-08:00,0,20
style.css,84,css,3303ea02,Ethan Lam,2025-01-15,23:55:12,-08:00,2025-01-15T23:55:12-08:00,0,18
style.css,85,css,3303ea02,Ethan Lam,2025-01-15,23:55:12,-08:00,2025-01-15T23:55:12-08:00,0,0
style.css,86,css,3303ea02,Ethan Lam,2025-01-15,23:55:12,-08:00,2025-01-15T23:55:12-08:00,0,0
style.css,87,css,3303ea02,Ethan Lam,2025-01-15,23:55:12,-08:00,2025-01-15T23:55:12-08:00,0,10
style.css,88,css,3303ea02,Ethan Lam,2025-01-15,23:55:12,-08:00,2025-01-15T23:55:12-08:00,0,13
style.css,89,css,3303ea02,Ethan Lam,2025-01-15,23:55:12,-08:00,2025-01-15T23:55:12-08:00,0,59
style.css,90,css,3303ea02,Ethan Lam,2025-01-15,23:55:12,-08:00,2025-01-15T23:55:12-08:00,0,0
style.css,91,css,3303ea02,Ethan Lam,2025-01-15,23:55:12,-08:00,2025-01-15T23:55:12-08:00,0,0
style.css,92,css,3303ea02,Ethan Lam,2025-01-15,23:55:12,-08:00,2025-01-15T23:55:12-08:00,0,18
style.css,93,css,3303ea02,Ethan Lam,2025-01-15,23:55:12,-08:00,2025-01-15T23:55:12-08:00,0,13
style.css,94,css,3303ea02,Ethan Lam,2025-01-15,23:55:12,-08:00,2025-01-15T23:55:12-08:00,0,27
style.css,95,css,3303ea02,Ethan Lam,2025-01-15,23:55:12,-08:00,2025-01-15T23:55:12-08:00,0,16
style.css,96,css,3303ea02,Ethan Lam,2025-01-15,23:55:12,-08:00,2025-01-15T23:55:12-08:00,0,8
style.css,97,css,3303ea02,Ethan Lam,2025-01-15,23:55:12,-08:00,2025-01-15T23:55:12-08:00,0,0
style.css,98,css,3303ea02,Ethan Lam,2025-01-15,23:55:12,-08:00,2025-01-15T23:55:12-08:00,0,0
style.css,99,css,5bc4429b,Ethan Lam,2025-02-08,19:31:43,-08:00,2025-02-08T19:31:43-08:00,0,17
style.css,100,css,5bc4429b,Ethan Lam,2025-02-08,19:31:43,-08:00,2025-02-08T19:31:43-08:00,0,13
style.css,101,css,5bc4429b,Ethan Lam,2025-02-08,19:31:43,-08:00,2025-02-08T19:31:43-08:00,0,22
style.css,102,css,5bc4429b,Ethan Lam,2025-02-08,19:31:43,-08:00,2025-02-08T19:31:43-08:00,0,54
style.css,103,css,5bc4429b,Ethan Lam,2025-02-08,19:31:43,-08:00,2025-02-08T19:31:43-08:00,0,0
style.css,104,css,5bc4429b,Ethan Lam,2025-02-08,19:31:43,-08:00,2025-02-08T19:31:43-08:00,0,0
style.css,105,css,5bc4429b,Ethan Lam,2025-02-08,19:31:43,-08:00,2025-02-08T19:31:43-08:00,0,14
style.css,106,css,5bc4429b,Ethan Lam,2025-02-08,19:31:43,-08:00,2025-02-08T19:31:43-08:00,0,11
style.css,107,css,5bc4429b,Ethan Lam,2025-02-08,19:31:43,-08:00,2025-02-08T19:31:43-08:00,0,16
style.css,108,css,5bc4429b,Ethan Lam,2025-02-08,19:31:43,-08:00,2025-02-08T19:31:43-08:00,0,31
style.css,109,css,5bc4429b,Ethan Lam,2025-02-08,19:31:43,-08:00,2025-02-08T19:31:43-08:00,0,35
style.css,110,css,5bc4429b,Ethan Lam,2025-02-08,19:31:43,-08:00,2025-02-08T19:31:43-08:00,0,0
style.css,111,css,5bc4429b,Ethan Lam,2025-02-08,19:31:43,-08:00,2025-02-08T19:31:43-08:00,0,0
style.css,112,css,5bc4429b,Ethan Lam,2025-02-08,19:31:43,-08:00,2025-02-08T19:31:43-08:00,0,19
style.css,113,css,5bc4429b,Ethan Lam,2025-02-08,19:31:43,-08:00,2025-02-08T19:31:43-08:00,0,15
style.css,114,css,5bc4429b,Ethan Lam,2025-02-08,19:31:43,-08:00,2025-02-08T19:31:43-08:00,0,17
style.css,115,css,5bc4429b,Ethan Lam,2025-02-08,19:31:43,-08:00,2025-02-08T19:31:43-08:00,0,0
style.css,116,css,5bc4429b,Ethan Lam,2025-02-08,19:31:43,-08:00,2025-02-08T19:31:43-08:00,0,17
style.css,117,css,5bc4429b,Ethan Lam,2025-02-08,19:31:43,-08:00,2025-02-08T19:31:43-08:00,0,0
style.css,118,css,5bc4429b,Ethan Lam,2025-02-08,19:31:43,-08:00,2025-02-08T19:31:43-08:00,0,0
style.css,119,css,5bc4429b,Ethan Lam,2025-02-08,19:31:43,-08:00,2025-02-08T19:31:43-08:00,0,11
style.css,120,css,5bc4429b,Ethan Lam,2025-02-08,19:31:43,-08:00,2025-02-08T19:31:43-08:00,0,13
style.css,121,css,5bc4429b,Ethan Lam,2025-02-08,19:31:43,-08:00,2025-02-08T19:31:43-08:00,0,19
style.css,122,css,5bc4429b,Ethan Lam,2025-02-08,19:31:43,-08:00,2025-02-08T19:31:43-08:00,0,9
style.css,123,css,5bc4429b,Ethan Lam,2025-02-08,19:31:43,-08:00,2025-02-08T19:31:43-08:00,0,0
style.css,124,css,5bc4429b,Ethan Lam,2025-02-08,19:31:43,-08:00,2025-02-08T19:31:43-08:00,0,0
style.css,125,css,5bc4429b,Ethan Lam,2025-02-08,19:31:43,-08:00,2025-02-08T19:31:43-08:00,0,4
style.css,126,css,5bc4429b,Ethan Lam,2025-02-08,19:31:43,-08:00,2025-02-08T19:31:43-08:00,0,12
style.css,127,css,5bc4429b,Ethan Lam,2025-02-08,19:31:43,-08:00,2025-02-08T19:31:43-08:00,0,13
style.css,128,css,5bc4429b,Ethan Lam,2025-02-08,19:31:43,-08:00,2025-02-08T19:31:43-08:00,0,18
style.css,129,css,5bc4429b,Ethan Lam,2025-02-08,19:31:43,-08:00,2025-02-08T19:31:43-08:00,0,54
style.css,130,css,5bc4429b,Ethan Lam,2025-02-08,19:31:43,-08:00,2025-02-08T19:31:43-08:00,0,0
style.css,131,css,5bc4429b,Ethan Lam,2025-02-08,19:31:43,-08:00,2025-02-08T19:31:43-08:00,0,0
style.css,132,css,5bc4429b,Ethan Lam,2025-02-08,19:31:43,-08:00,2025-02-08T19:31:43-08:00,0,18
style.css,133,css,5bc4429b,Ethan Lam,2025-02-08,19:31:43,-08:00,2025-02-08T19:31:43-08:00,0,17
style.css,134,css,5bc4429b,Ethan Lam,2025-02-08,19:31:43,-08:00,2025-02-08T19:31:43-08:00,0,12
style.css,135,css,5bc4429b,Ethan Lam,2025-02-08,19:31:43,-08:00,2025-02-08T19:31:43-08:00,0,0
style.css,136,css,5bc4429b,Ethan Lam,2025-02-08,19:31:43,-08:00,2025-02-08T19:31:43-08:00,0,0
style.css,137,css,5bc4429b,Ethan Lam,2025-02-08,19:31:43,-08:00,2025-02-08T19:31:43-08:00,0,0
style.css,138,css,5bc4429b,Ethan Lam,2025-02-08,19:31:43,-08:00,2025-02-08T19:31:43-08:00,0,5
style.css,139,css,5bc4429b,Ethan Lam,2025-02-08,19:31:43,-08:00,2025-02-08T19:31:43-08:00,0,17
style.css,140,css,5bc4429b,Ethan Lam,2025-02-08,19:31:43,-08:00,2025-02-08T19:31:43-08:00,0,15
style.css,141,css,5bc4429b,Ethan Lam,2025-02-08,19:31:43,-08:00,2025-02-08T19:31:43-08:00,0,0
style.css,142,css,5bc4429b,Ethan Lam,2025-02-08,19:31:43,-08:00,2025-02-08T19:31:43-08:00,0,0
style.css,143,css,5bc4429b,Ethan Lam,2025-02-08,19:31:43,-08:00,2025-02-08T19:31:43-08:00,0,10
style.css,144,css,5bc4429b,Ethan Lam,2025-02-08,19:31:43,-08:00,2025-02-08T19:31:43-08:00,0,36
style.css,145,css,5bc4429b,Ethan Lam,2025-02-08,19:31:43,-08:00,2025-02-08T19:31:43-08:00,0,0
style.css,146,css,5bc4429b,Ethan Lam,2025-02-08,19:31:43,-08:00,2025-02-08T19:31:43-08:00,0,11
style.css,147,css,5bc4429b,Ethan Lam,2025-02-08,19:31:43,-08:00,2025-02-08T19:31:43-08:00,0,18
style.css,148,css,5bc4429b,Ethan Lam,2025-02-08,19:31:43,-08:00,2025-02-08T19:31:43-08:00,0,0
style.css,149,css,5bc4429b,Ethan Lam,2025-02-08,19:31:43,-08:00,2025-02-08T19:31:43-08:00,0,0
style.css,150,css,5bc4429b,Ethan Lam,2025-02-08,19:31:43,-08:00,2025-02-08T19:31:43-08:00,0,0
style.css,151,css,5bc4429b,Ethan Lam,2025-02-08,19:31:43,-08:00,2025-02-08T19:31:43-08:00,0,8
style.css,152,css,5bc4429b,Ethan Lam,2025-02-08,19:31:43,-08:00,2025-02-08T19:31:43-08:00,0,57
style.css,153,css,5bc4429b,Ethan Lam,2025-02-08,19:31:43,-08:00,2025-02-08T19:31:43-08:00,0,0
style.css,154,css,5bc4429b,Ethan Lam,2025-02-08,19:31:43,-08:00,2025-02-08T19:31:43-08:00,0,0
style.css,155,css,5bc4429b,Ethan Lam,2025-02-08,19:31:43,-08:00,2025-02-08T19:31:43-08:00,0,8
style.css,156,css,5bc4429b,Ethan Lam,2025-02-08,19:31:43,-08:00,2025-02-08T19:31:43-08:00,0,13
style.css,157,css,5bc4429b,Ethan Lam,2025-02-08,19:31:43,-08:00,2025-02-08T19:31:43-08:00,0,58
style.css,158,css,5bc4429b,Ethan Lam,2025-02-08,19:31:43,-08:00,2025-02-08T19:31:43-08:00,0,9
style.css,159,css,5bc4429b,Ethan Lam,2025-02-08,19:31:43,-08:00,2025-02-08T19:31:43-08:00,0,10
style.css,160,css,5bc4429b,Ethan Lam,2025-02-08,19:31:43,-08:00,2025-02-08T19:31:43-08:00,0,9
style.css,161,css,5bc4429b,Ethan Lam,2025-02-08,19:31:43,-08:00,2025-02-08T19:31:43-08:00,0,16
style.css,162,css,5bc4429b,Ethan Lam,2025-02-08,19:31:43,-08:00,2025-02-08T19:31:43-08:00,0,0
style.css,163,css,5bc4429b,Ethan Lam,2025-02-08,19:31:43,-08:00,2025-02-08T19:31:43-08:00,0,0
style.css,164,css,5bc4429b,Ethan Lam,2025-02-08,19:31:43,-08:00,2025-02-08T19:31:43-08:00,0,11
style.css,165,css,5bc4429b,Ethan Lam,2025-02-08,19:31:43,-08:00,2025-02-08T19:31:43-08:00,0,13
style.css,166,css,5bc4429b,Ethan Lam,2025-02-08,19:31:43,-08:00,2025-02-08T19:31:43-08:00,0,19
style.css,167,css,5bc4429b,Ethan Lam,2025-02-08,19:31:43,-08:00,2025-02-08T19:31:43-08:00,0,30
style.css,168,css,5bc4429b,Ethan Lam,2025-02-08,19:31:43,-08:00,2025-02-08T19:31:43-08:00,0,15
style.css,169,css,5bc4429b,Ethan Lam,2025-02-08,19:31:43,-08:00,2025-02-08T19:31:43-08:00,0,19
style.css,170,css,5bc4429b,Ethan Lam,2025-02-08,19:31:43,-08:00,2025-02-08T19:31:43-08:00,0,17
style.css,171,css,5bc4429b,Ethan Lam,2025-02-08,19:31:43,-08:00,2025-02-08T19:31:43-08:00,0,18
style.css,172,css,5bc4429b,Ethan Lam,2025-02-08,19:31:43,-08:00,2025-02-08T19:31:43-08:00,0,0
style.css,173,css,5bc4429b,Ethan Lam,2025-02-08,19:31:43,-08:00,2025-02-08T19:31:43-08:00,0,0
style.css,174,css,5bc4429b,Ethan Lam,2025-02-08,19:31:43,-08:00,2025-02-08T19:31:43-08:00,0,16
style.css,175,css,5bc4429b,Ethan Lam,2025-02-08,19:31:43,-08:00,2025-02-08T19:31:43-08:00,0,11
style.css,176,css,5bc4429b,Ethan Lam,2025-02-08,19:31:43,-08:00,2025-02-08T19:31:43-08:00,0,12
style.css,177,css,5bc4429b,Ethan Lam,2025-02-08,19:31:43,-08:00,2025-02-08T19:31:43-08:00,0,30
style.css,178,css,5bc4429b,Ethan Lam,2025-02-08,19:31:43,-08:00,2025-02-08T19:31:43-08:00,0,40
style.css,179,css,5bc4429b,Ethan Lam,2025-02-08,19:31:43,-08:00,2025-02-08T19:31:43-08:00,0,21
style.css,180,css,5bc4429b,Ethan Lam,2025-02-08,19:31:43,-08:00,2025-02-08T19:31:43-08:00,0,17
style.css,181,css,5bc4429b,Ethan Lam,2025-02-08,19:31:43,-08:00,2025-02-08T19:31:43-08:00,0,0
style.css,182,css,5bc4429b,Ethan Lam,2025-02-08,19:31:43,-08:00,2025-02-08T19:31:43-08:00,0,0
style.css,183,css,8bfc20ca,Ethan Lam,2025-01-31,13:19:02,-08:00,2025-01-31T13:19:02-08:00,0,15
style.css,184,css,8bfc20ca,Ethan Lam,2025-01-31,13:19:02,-08:00,2025-01-31T13:19:02-08:00,0,16
style.css,185,css,8bfc20ca,Ethan Lam,2025-01-31,13:19:02,-08:00,2025-01-31T13:19:02-08:00,0,17
style.css,186,css,8bfc20ca,Ethan Lam,2025-01-31,13:19:02,-08:00,2025-01-31T13:19:02-08:00,0,18
style.css,187,css,8bfc20ca,Ethan Lam,2025-01-31,13:19:02,-08:00,2025-01-31T13:19:02-08:00,0,0
style.css,188,css,8bfc20ca,Ethan Lam,2025-01-31,13:19:02,-08:00,2025-01-31T13:19:02-08:00,0,0
style.css,189,css,8bfc20ca,Ethan Lam,2025-01-31,13:19:02,-08:00,2025-01-31T13:19:02-08:00,0,18
style.css,190,css,8bfc20ca,Ethan Lam,2025-01-31,13:19:02,-08:00,2025-01-31T13:19:02-08:00,0,13
style.css,191,css,8bfc20ca,Ethan Lam,2025-01-31,13:19:02,-08:00,2025-01-31T13:19:02-08:00,0,22
style.css,192,css,8bfc20ca,Ethan Lam,2025-01-31,13:19:02,-08:00,2025-01-31T13:19:02-08:00,0,46
style.css,193,css,8bfc20ca,Ethan Lam,2025-01-31,13:19:02,-08:00,2025-01-31T13:19:02-08:00,0,48
style.css,194,css,8bfc20ca,Ethan Lam,2025-01-31,13:19:02,-08:00,2025-01-31T13:19:02-08:00,0,37
style.css,195,css,8bfc20ca,Ethan Lam,2025-01-31,13:19:02,-08:00,2025-01-31T13:19:02-08:00,0,45
style.css,196,css,8bfc20ca,Ethan Lam,2025-01-31,13:19:02,-08:00,2025-01-31T13:19:02-08:00,0,38
style.css,197,css,8bfc20ca,Ethan Lam,2025-01-31,13:19:02,-08:00,2025-01-31T13:19:02-08:00,0,0
style.css,198,css,8bfc20ca,Ethan Lam,2025-01-31,13:19:02,-08:00,2025-01-31T13:19:02-08:00,0,0
style.css,199,css,8bfc20ca,Ethan Lam,2025-01-31,13:19:02,-08:00,2025-01-31T13:19:02-08:00,0,22
style.css,200,css,8bfc20ca,Ethan Lam,2025-01-31,13:19:02,-08:00,2025-01-31T13:19:02-08:00,0,15
style.css,201,css,8bfc20ca,Ethan Lam,2025-01-31,13:19:02,-08:00,2025-01-31T13:19:02-08:00,0,12
style.css,202,css,8bfc20ca,Ethan Lam,2025-01-31,13:19:02,-08:00,2025-01-31T13:19:02-08:00,0,14
style.css,203,css,8bfc20ca,Ethan Lam,2025-01-31,13:19:02,-08:00,2025-01-31T13:19:02-08:00,0,0
style.css,204,css,8bfc20ca,Ethan Lam,2025-01-31,13:19:02,-08:00,2025-01-31T13:19:02-08:00,0,0
style.css,205,css,8bfc20ca,Ethan Lam,2025-01-31,13:19:02,-08:00,2025-01-31T13:19:02-08:00,0,20
style.css,206,css,8bfc20ca,Ethan Lam,2025-01-31,13:19:02,-08:00,2025-01-31T13:19:02-08:00,0,15
style.css,207,css,8bfc20ca,Ethan Lam,2025-01-31,13:19:02,-08:00,2025-01-31T13:19:02-08:00,0,11
style.css,208,css,8bfc20ca,Ethan Lam,2025-01-31,13:19:02,-08:00,2025-01-31T13:19:02-08:00,0,0
style.css,209,css,8bfc20ca,Ethan Lam,2025-01-31,13:19:02,-08:00,2025-01-31T13:19:02-08:00,0,0
style.css,210,css,3303ea02,Ethan Lam,2025-01-15,23:55:12,-08:00,2025-01-15T23:55:12-08:00,0,3
style.css,211,css,8bfc20ca,Ethan Lam,2025-01-31,13:19:02,-08:00,2025-01-31T13:19:02-08:00,0,15
style.css,212,css,8bfc20ca,Ethan Lam,2025-01-31,13:19:02,-08:00,2025-01-31T13:19:02-08:00,0,17
style.css,213,css,8bfc20ca,Ethan Lam,2025-01-31,13:19:02,-08:00,2025-01-31T13:19:02-08:00,0,19
style.css,214,css,8bfc20ca,Ethan Lam,2025-01-31,13:19:02,-08:00,2025-01-31T13:19:02-08:00,0,0
style.css,215,css,8bfc20ca,Ethan Lam,2025-01-31,13:19:02,-08:00,2025-01-31T13:19:02-08:00,0,0
style.css,216,css,8bfc20ca,Ethan Lam,2025-01-31,13:19:02,-08:00,2025-01-31T13:19:02-08:00,0,9
style.css,217,css,8bfc20ca,Ethan Lam,2025-01-31,13:19:02,-08:00,2025-01-31T13:19:02-08:00,0,40
style.css,218,css,8bfc20ca,Ethan Lam,2025-01-31,13:19:02,-08:00,2025-01-31T13:19:02-08:00,0,19
style.css,219,css,8bfc20ca,Ethan Lam,2025-01-31,13:19:02,-08:00,2025-01-31T13:19:02-08:00,0,0
style.css,220,css,8bfc20ca,Ethan Lam,2025-01-31,13:19:02,-08:00,2025-01-31T13:19:02-08:00,0,0
style.css,221,css,8bfc20ca,Ethan Lam,2025-01-31,13:19:02,-08:00,2025-01-31T13:19:02-08:00,0,12
style.css,222,css,8bfc20ca,Ethan Lam,2025-01-31,13:19:02,-08:00,2025-01-31T13:19:02-08:00,0,13
style.css,223,css,8bfc20ca,Ethan Lam,2025-01-31,13:19:02,-08:00,2025-01-31T13:19:02-08:00,0,37
style.css,224,css,8bfc20ca,Ethan Lam,2025-01-31,13:19:02,-08:00,2025-01-31T13:19:02-08:00,0,9
style.css,225,css,8bfc20ca,Ethan Lam,2025-01-31,13:19:02,-08:00,2025-01-31T13:19:02-08:00,0,18
style.css,226,css,8bfc20ca,Ethan Lam,2025-01-31,13:19:02,-08:00,2025-01-31T13:19:02-08:00,0,0
style.css,227,css,8bfc20ca,Ethan Lam,2025-01-31,13:19:02,-08:00,2025-01-31T13:19:02-08:00,0,0
style.css,228,css,8bfc20ca,Ethan Lam,2025-01-31,13:19:02,-08:00,2025-01-31T13:19:02-08:00,0,6
style.css,229,css,8bfc20ca,Ethan Lam,2025-01-31,13:19:02,-08:00,2025-01-31T13:19:02-08:00,0,13
style.css,230,css,8bfc20ca,Ethan Lam,2025-01-31,13:19:02,-08:00,2025-01-31T13:19:02-08:00,0,22
style.css,231,css,8bfc20ca,Ethan Lam,2025-01-31,13:19:02,-08:00,2025-01-31T13:19:02-08:00,0,19
style.css,232,css,8bfc20ca,Ethan Lam,2025-01-31,13:19:02,-08:00,2025-01-31T13:19:02-08:00,0,0
style.css,233,css,8bfc20ca,Ethan Lam,2025-01-31,13:19:02,-08:00,2025-01-31T13:19:02-08:00,0,0
style.css,234,css,8bfc20ca,Ethan Lam,2025-01-31,13:19:02,-08:00,2025-01-31T13:19:02-08:00,0,7
style.css,235,css,8bfc20ca,Ethan Lam,2025-01-31,13:19:02,-08:00,2025-01-31T13:19:02-08:00,0,15
style.css,236,css,8bfc20ca,Ethan Lam,2025-01-31,13:19:02,-08:00,2025-01-31T13:19:02-08:00,0,16
style.css,237,css,8bfc20ca,Ethan Lam,2025-01-31,13:19:02,-08:00,2025-01-31T13:19:02-08:00,0,31
style.css,238,css,8bfc20ca,Ethan Lam,2025-01-31,13:19:02,-08:00,2025-01-31T13:19:02-08:00,0,25
style.css,239,css,8bfc20ca,Ethan Lam,2025-01-31,13:19:02,-08:00,2025-01-31T13:19:02-08:00,0,0
style.css,240,css,8bfc20ca,Ethan Lam,2025-01-31,13:19:02,-08:00,2025-01-31T13:19:02-08:00,0,0
style.css,241,css,8bfc20ca,Ethan Lam,2025-01-31,13:19:02,-08:00,2025-01-31T13:19:02-08:00,0,7
style.css,242,css,8bfc20ca,Ethan Lam,2025-01-31,13:19:02,-08:00,2025-01-31T13:19:02-08:00,0,15
style.css,243,css,8bfc20ca,Ethan Lam,2025-01-31,13:19:02,-08:00,2025-01-31T13:19:02-08:00,0,17
style.css,244,css,8bfc20ca,Ethan Lam,2025-01-31,13:19:02,-08:00,2025-01-31T13:19:02-08:00,0,12
style.css,245,css,3303ea02,Ethan Lam,2025-01-15,23:55:12,-08:00,2025-01-15T23:55:12-08:00,0,0
style.css,246,css,3303ea02,Ethan Lam,2025-01-15,23:55:12,-08:00,2025-01-15T23:55:12-08:00,0,0
style.css,247,css,3303ea02,Ethan Lam,2025-01-15,23:55:12,-08:00,2025-01-15T23:55:12-08:00,0,31
style.css,248,css,3303ea02,Ethan Lam,2025-01-15,23:55:12,-08:00,2025-01-15T23:55:12-08:00,0,16
style.css,249,css,3303ea02,Ethan Lam,2025-01-15,23:55:12,-08:00,2025-01-15T23:55:12-08:00,0,18
style.css,250,css,3303ea02,Ethan Lam,2025-01-15,23:55:12,-08:00,2025-01-15T23:55:12-08:00,0,0
style.css,251,css,3303ea02,Ethan Lam,2025-01-15,23:55:12,-08:00,2025-01-15T23:55:12-08:00,0,0
style.css,252,css,3303ea02,Ethan Lam,2025-01-15,23:55:12,-08:00,2025-01-15T23:55:12-08:00,0,8
style.css,253,css,3303ea02,Ethan Lam,2025-01-15,23:55:12,-08:00,2025-01-15T23:55:12-08:00,0,19
style.css,254,css,3303ea02,Ethan Lam,2025-01-15,23:55:12,-08:00,2025-01-15T23:55:12-08:00,0,0
style.css,255,css,3303ea02,Ethan Lam,2025-01-15,23:55:12,-08:00,2025-01-15T23:55:12-08:00,0,0
style.css,256,css,3303ea02,Ethan Lam,2025-01-15,23:55:12,-08:00,2025-01-15T23:55:12-08:00,0,7
style.css,257,css,3303ea02,Ethan Lam,2025-01-15,23:55:12,-08:00,2025-01-15T23:55:12-08:00,0,18
style.css,258,css,3303ea02,Ethan Lam,2025-01-15,23:55:12,-08:00,2025-01-15T23:55:12-08:00,0,19
style.css,259,css,3303ea02,Ethan Lam,2025-01-15,23:55:12,-08:00,2025-01-15T23:55:12-08:00,0,0
style.css,260,css,3303ea02,Ethan Lam,2025-01-15,23:55:12,-08:00,2025-01-15T23:55:12-08:00,0,0
style.css,261,css,3303ea02,Ethan Lam,2025-01-15,23:55:12,-08:00,2025-01-15T23:55:12-08:00,0,10
style.css,262,css,3303ea02,Ethan Lam,2025-01-15,23:55:12,-08:00,2025-01-15T23:55:12-08:00,0,9
style.css,263,css,3303ea02,Ethan Lam,2025-01-15,23:55:12,-08:00,2025-01-15T23:55:12-08:00,0,11
style.css,264,css,3303ea02,Ethan Lam,2025-01-15,23:55:12,-08:00,2025-01-15T23:55:12-08:00,0,16
style.css,265,css,3303ea02,Ethan Lam,2025-01-15,23:55:12,-08:00,2025-01-15T23:55:12-08:00,0,14
style.css,266,css,3303ea02,Ethan Lam,2025-01-15,23:55:12,-08:00,2025-01-15T23:55:12-08:00,0,0
style.css,267,css,3303ea02,Ethan Lam,2025-01-15,23:55:12,-08:00,2025-01-15T23:55:12-08:00,0,0
style.css,268,css,3303ea02,Ethan Lam,2025-01-15,23:55:12,-08:00,2025-01-15T23:55:12-08:00,0,11
style.css,269,css,3303ea02,Ethan Lam,2025-01-15,23:55:12,-08:00,2025-01-15T23:55:12-08:00,0,14
style.css,270,css,3303ea02,Ethan Lam,2025-01-15,23:55:12,-08:00,2025-01-15T23:55:12-08:00,0,21
style.css,271,css,3303ea02,Ethan Lam,2025-01-15,23:55:12,-08:00,2025-01-15T23:55:12-08:00,0,0
style.css,272,css,3303ea02,Ethan Lam,2025-01-15,23:55:12,-08:00,2025-01-15T23:55:12-08:00,0,0
style.css,273,css,3303ea02,Ethan Lam,2025-01-15,23:55:12,-08:00,2025-01-15T23:55:12-08:00,0,17
style.css,274,css,3303ea02,Ethan Lam,2025-01-15,23:55:12,-08:00,2025-01-15T23:55:12-08:00,0,26
style.css,275,css,3303ea02,Ethan Lam,2025-01-15,23:55:12,-08:00,2025-01-15T23:55:12-08:00,0,0
style.css,276,css,3303ea02,Ethan Lam,2025-01-15,23:55:12,-08:00,2025-01-15T23:55:12-08:00,0,0
style.css,277,css,3303ea02,Ethan Lam,2025-01-15,23:55:12,-08:00,2025-01-15T23:55:12-08:00,0,22
style.css,278,css,3303ea02,Ethan Lam,2025-01-15,23:55:12,-08:00,2025-01-15T23:55:12-08:00,0,17
style.css,279,css,3303ea02,Ethan Lam,2025-01-15,23:55:12,-08:00,2025-01-15T23:55:12-08:00,0,0
style.css,280,css,3303ea02,Ethan Lam,2025-01-15,23:55:12,-08:00,2025-01-15T23:55:12-08:00,0,0
style.css,281,css,3303ea02,Ethan Lam,2025-01-15,23:55:12,-08:00,2025-01-15T23:55:12-08:00,0,11
style.css,282,css,3303ea02,Ethan Lam,2025-01-15,23:55:12,-08:00,2025-01-15T23:55:12-08:00,0,16
style.css,283,css,3303ea02,Ethan Lam,2025-01-15,23:55:12,-08:00,2025-01-15T23:55:12-08:00,0,11
style.css,284,css,3303ea02,Ethan Lam,2025-01-15,23:55:12,-08:00,2025-01-15T23:55:12-08:00,0,0
style.css,285,css,3303ea02,Ethan Lam,2025-01-15,23:55:12,-08:00,2025-01-15T23:55:12-08:00,0,0
style.css,286,css,3303ea02,Ethan Lam,2025-01-15,23:55:12,-08:00,2025-01-15T23:55:12-08:00,0,10
style.css,287,css,3303ea02,Ethan Lam,2025-01-15,23:55:12,-08:00,2025-01-15T23:55:12-08:00,0,16
style.css,288,css,3303ea02,Ethan Lam,2025-01-15,23:55:12,-08:00,2025-01-15T23:55:12-08:00,0,11
style.css,289,css,3303ea02,Ethan Lam,2025-01-15,23:55:12,-08:00,2025-01-15T23:55:12-08:00,0,0
style.css,290,css,3303ea02,Ethan Lam,2025-01-15,23:55:12,-08:00,2025-01-15T23:55:12-08:00,0,0
style.css,291,css,3303ea02,Ethan Lam,2025-01-15,23:55:12,-08:00,2025-01-15T23:55:12-08:00,0,11
style.css,292,css,3303ea02,Ethan Lam,2025-01-15,23:55:12,-08:00,2025-01-15T23:55:12-08:00,0,21
style.css,293,css,3303ea02,Ethan Lam,2025-01-15,23:55:12,-08:00,2025-01-15T23:55:12-08:00,0,18
style.css,294,css,3303ea02,Ethan Lam,2025-01-15,23:55:12,-08:00,2025-01-15T23:55:12-08:00,0,0
style.css,295,css,3303ea02,Ethan Lam,2025-01-15,23:55:12,-08:00,2025-01-15T23:55:12-08:00,0,0
style.css,296,css,3303ea02,Ethan Lam,2025-01-15,23:55:12,-08:00,2025-01-15T23:55:12-08:00,0,7
style.css,297,css,3303ea02,Ethan Lam,2025-01-15,23:55:12,-08:00,2025-01-15T23:55:12-08:00,0,25
style.css,298,css,3303ea02,Ethan Lam,2025-01-15,23:55:12,-08:00,2025-01-15T23:55:12-08:00,0,12
style.css,299,css,3303ea02,Ethan Lam,2025-01-15,23:55:12,-08:00,2025-01-15T23:55:12-08:00,0,12
style.css,300,css,3303ea02,Ethan Lam,2025-01-15,23:55:12,-08:00,2025-01-15T23:55:12-08:00,0,18
style.css,301,css,3303ea02,Ethan Lam,2025-01-15,23:55:12,-08:00,2025-01-15T23:55:12-08:00,0,14
style.css,302,css,3303ea02,Ethan Lam,2025-01-15,23:55:12,-08:00,2025-01-15T23:55:12-08:00,0,18
style.css,303,css,3303ea02,Ethan Lam,2025-01-15,23:55:12,-08:00,2025-01-15T23:55:12-08:00,0,15
style.css,304,css,3303ea02,Ethan Lam,2025-01-15,23:55:12,-08:00,2025-01-15T23:55:12-08:00,0,0
style.css,305,css,3303ea02,Ethan Lam,2025-01-15,23:55:12,-08:00,2025-01-15T23:55:12-08:00,0,0
style.css,306,css,3303ea02,Ethan Lam,2025-01-15,23:55:12,-08:00,2025-01-15T23:55:12-08:00,0,13
style.css,307,css,3303ea02,Ethan Lam,2025-01-15,23:55:12,-08:00,2025-01-15T23:55:12-08:00,0,25
style.css,308,css,3303ea02,Ethan Lam,2025-01-15,23:55:12,-08:00,2025-01-15T23:55:12-08:00,0,0
style.css,309,css,3303ea02,Ethan Lam,2025-01-15,23:55:12,-08:00,2025-01-15T23:55:12-08:00,0,0
style.css,310,css,3303ea02,Ethan Lam,2025-01-15,23:55:12,-08:00,2025-01-15T23:55:12-08:00,0,2
style.css,311,css,3303ea02,Ethan Lam,2025-01-15,23:55:12,-08:00,2025-01-15T23:55:12-08:00,0,14
style.css,312,css,3303ea02,Ethan Lam,2025-01-15,23:55:12,-08:00,2025-01-15T23:55:12-08:00,0,21
style.css,313,css,3303ea02,Ethan Lam,2025-01-15,23:55:12,-08:00,2025-01-15T23:55:12-08:00,0,0
style.css,314,css,3303ea02,Ethan Lam,2025-01-15,23:55:12,-08:00,2025-01-15T23:55:12-08:00,0,0
style.css,315,css,9aa1ff4e,Ethan Lam,2025-01-16,00:04:44,-08:00,2025-01-16T00:04:44-08:00,0,18
style.css,316,css,3303ea02,Ethan Lam,2025-01-15,23:55:12,-08:00,2025-01-15T23:55:12-08:00,0,26
style.css,317,css,3303ea02,Ethan Lam,2025-01-15,23:55:12,-08:00,2025-01-15T23:55:12-08:00,0,0
index.js,1,js,8bfc20ca,Ethan Lam,2025-01-31,13:19:02,-08:00,2025-01-31T13:19:02-08:00,0,71
index.js,2,js,8bfc20ca,Ethan Lam,2025-01-31,13:19:02,-08:00,2025-01-31T13:19:02-08:00,0,0
index.js,3,js,8bfc20ca,Ethan Lam,2025-01-31,13:19:02,-08:00,2025-01-31T13:19:02-08:00,0,55
index.js,4,js,8bfc20ca,Ethan Lam,2025-01-31,13:19:02,-08:00,2025-01-31T13:19:02-08:00,0,43
index.js,5,js,8bfc20ca,Ethan Lam,2025-01-31,13:19:02,-08:00,2025-01-31T13:19:02-08:00,0,0
index.js,6,js,8bfc20ca,Ethan Lam,2025-01-31,13:19:02,-08:00,2025-01-31T13:19:02-08:00,0,61
index.js,7,js,8bfc20ca,Ethan Lam,2025-01-31,13:19:02,-08:00,2025-01-31T13:19:02-08:00,0,0
index.js,8,js,8bfc20ca,Ethan Lam,2025-01-31,13:19:02,-08:00,2025-01-31T13:19:02-08:00,0,55
index.js,9,js,8bfc20ca,Ethan Lam,2025-01-31,13:19:02,-08:00,2025-01-31T13:19:02-08:00,0,0
index.js,10,js,8bfc20ca,Ethan Lam,2025-01-31,13:19:02,-08:00,2025-01-31T13:19:02-08:00,0,55
index.js,11,js,8bfc20ca,Ethan Lam,2025-01-31,13:19:02,-08:00,2025-01-31T13:19:02-08:00,0,0
index.js,12,js,8bfc20ca,Ethan Lam,2025-01-31,13:19:02,-08:00,2025-01-31T13:19:02-08:00,0,61
index.js,13,js,8bfc20ca,Ethan Lam,2025-01-31,13:19:02,-08:00,2025-01-31T13:19:02-08:00,0,0
index.js,14,js,8bfc20ca,Ethan Lam,2025-01-31,13:19:02,-08:00,2025-01-31T13:19:02-08:00,0,18
index.js,15,js,8bfc20ca,Ethan Lam,2025-01-31,13:19:02,-08:00,2025-01-31T13:19:02-08:00,0,25
index.js,16,js,8bfc20ca,Ethan Lam,2025-01-31,13:19:02,-08:00,2025-01-31T13:19:02-08:00,0,3
index.js,17,js,8bfc20ca,Ethan Lam,2025-01-31,13:19:02,-08:00,2025-01-31T13:19:02-08:00,0,56
index.js,18,js,8bfc20ca,Ethan Lam,2025-01-31,13:19:02,-08:00,2025-01-31T13:19:02-08:00,0,56
index.js,19,js,8bfc20ca,Ethan Lam,2025-01-31,13:19:02,-08:00,2025-01-31T13:19:02-08:00,0,50
index.js,20,js,8bfc20ca,Ethan Lam,2025-01-31,13:19:02,-08:00,2025-01-31T13:19:02-08:00,0,50
index.js,21,js,8bfc20ca,Ethan Lam,2025-01-31,13:19:02,-08:00,2025-01-31T13:19:02-08:00,0,4
index.js,22,js,8bfc20ca,Ethan Lam,2025-01-31,13:19:02,-08:00,2025-01-31T13:19:02-08:00,0,1
index.js,23,js,8bfc20ca,Ethan Lam,2025-01-31,13:19:02,-08:00,2025-01-31T13:19:02-08:00,0,0
index.js,24,js,8bfc20ca,Ethan Lam,2025-01-31,13:19:02,-08:00,2025-01-31T13:19:02-08:00,0,0
index.js,25,js,8bfc20ca,Ethan Lam,2025-01-31,13:19:02,-08:00,2025-01-31T13:19:02-08:00,0,16
index.js,26,js,8bfc20ca,Ethan Lam,2025-01-31,13:19:02,-08:00,2025-01-31T13:19:02-08:00,0,25
index.js,27,js,8bfc20ca,Ethan Lam,2025-01-31,13:19:02,-08:00,2025-01-31T13:19:02-08:00,0,23
index.js,28,js,8bfc20ca,Ethan Lam,2025-01-31,13:19:02,-08:00,2025-01-31T13:19:02-08:00,0,23
index.js,29,js,8bfc20ca,Ethan Lam,2025-01-31,13:19:02,-08:00,2025-01-31T13:19:02-08:00,0,17
index.js,30,js,8bfc20ca,Ethan Lam,2025-01-31,13:19:02,-08:00,2025-01-31T13:19:02-08:00,0,35
index.js,31,js,8bfc20ca,Ethan Lam,2025-01-31,13:19:02,-08:00,2025-01-31T13:19:02-08:00,0,49
index.js,32,js,8bfc20ca,Ethan Lam,2025-01-31,13:19:02,-08:00,2025-01-31T13:19:02-08:00,0,5
index.js,33,js,8bfc20ca,Ethan Lam,2025-01-31,13:19:02,-08:00,2025-01-31T13:19:02-08:00,0,17
index.js,34,js,8bfc20ca,Ethan Lam,2025-01-31,13:19:02,-08:00,2025-01-31T13:19:02-08:00,0,35
index.js,35,js,8bfc20ca,Ethan Lam,2025-01-31,13:19:02,-08:00,2025-01-31T13:19:02-08:00,0,49
index.js,36,js,8bfc20ca,Ethan Lam,2025-01-31,13:19:02,-08:00,2025-01-31T13:19:02-08:00,0,5
index.js,37,js,8bfc20ca,Ethan Lam,2025-01-31,13:19:02,-08:00,2025-01-31T13:19:02-08:00,0,17
index.js,38,js,8bfc20ca,Ethan Lam,2025-01-31,13:19:02,-08:00,2025-01-31T13:19:02-08:00,0,38
index.js,39,js,8bfc20ca,Ethan Lam,2025-01-31,13:19:02,-08:00,2025-01-31T13:19:02-08:00,0,52
index.js,40,js,8bfc20ca,Ethan Lam,2025-01-31,13:19:02,-08:00,2025-01-31T13:19:02-08:00,0,5
index.js,41,js,8bfc20ca,Ethan Lam,2025-01-31,13:19:02,-08:00,2025-01-31T13:19:02-08:00,0,17
index.js,42,js,8bfc20ca,Ethan Lam,2025-01-31,13:19:02,-08:00,2025-01-31T13:19:02-08:00,0,38
index.js,43,js,8bfc20ca,Ethan Lam,2025-01-31,13:19:02,-08:00,2025-01-31T13:19:02-08:00,0,52
index.js,44,js,8bfc20ca,Ethan Lam,2025-01-31,13:19:02,-08:00,2025-01-31T13:19:02-08:00,0,5
index.js,45,js,8bfc20ca,Ethan Lam,2025-01-31,13:19:02,-08:00,2025-01-31T13:19:02-08:00,0,5
index.js,46,js,8bfc20ca,Ethan Lam,2025-01-31,13:19:02,-08:00,2025-01-31T13:19:02-08:00,0,1
index.js,47,js,8bfc20ca,Ethan Lam,2025-01-31,13:19:02,-08:00,2025-01-31T13:19:02-08:00,0,7
index.js,48,js,8bfc20ca,Ethan Lam,2025-01-31,13:19:02,-08:00,2025-01-31T13:19:02-08:00,0,62
index.js,49,js,8bfc20ca,Ethan Lam,2025-01-31,13:19:02,-08:00,2025-01-31T13:19:02-08:00,0,0
index.html,1,html,4eb22a16,Ethan Lam,2025-01-09,19:42:16,-08:00,2025-01-09T19:42:16-08:00,0,14
index.html,2,html,694c1386,Ethan Lam,2025-01-25,20:47:04,-08:00,2025-01-25T20:47:04-08:00,0,72
index.html,3,html,4eb22a16,Ethan Lam,2025-01-09,19:42:16,-08:00,2025-01-09T19:42:16-08:00,0,5
index.html,4,html,4eb22a16,Ethan Lam,2025-01-09,19:42:16,-08:00,2025-01-09T19:42:16-08:00,0,21
index.html,5,html,4eb22a16,Ethan Lam,2025-01-09,19:42:16,-08:00,2025-01-09T19:42:16-08:00,0,69
index.html,6,html,4eb22a16,Ethan Lam,2025-01-09,19:42:16,-08:00,2025-01-09T19:42:16-08:00,0,52
index.html,7,html,66cb3f27,Ethan Lam,2025-01-10,17:23:06,-08:00,2025-01-10T17:23:06-08:00,0,39
index.html,8,html,694c1386,Ethan Lam,2025-01-25,20:47:04,-08:00,2025-01-25T20:47:04-08:00,0,46
index.html,9,html,8bfc20ca,Ethan Lam,2025-01-31,13:19:02,-08:00,2025-01-31T13:19:02-08:00,0,51
index.html,10,html,694c1386,Ethan Lam,2025-01-25,20:47:04,-08:00,2025-01-25T20:47:04-08:00,0,0
index.html,11,html,4eb22a16,Ethan Lam,2025-01-09,19:42:16,-08:00,2025-01-09T19:42:16-08:00,0,6
index.html,12,html,4eb22a16,Ethan Lam,2025-01-09,19:42:16,-08:00,2025-01-09T19:42:16-08:00,0,5
index.html,13,html,3303ea02,Ethan Lam,2025-01-15,23:55:12,-08:00,2025-01-15T23:55:12-08:00,0,0
index.html,14,html,66cb3f27,Ethan Lam,2025-01-10,17:23:06,-08:00,2025-01-10T17:23:06-08:00,0,46
index.html,15,html,3303ea02,Ethan Lam,2025-01-15,23:55:12,-08:00,2025-01-15T23:55:12-08:00,0,0
index.html,16,html,4eb22a16,Ethan Lam,2025-01-09,19:42:16,-08:00,2025-01-09T19:42:16-08:00,0,54
index.html,17,html,694c1386,Ethan Lam,2025-01-25,20:47:04,-08:00,2025-01-25T20:47:04-08:00,0,33
index.html,18,html,66cb3f27,Ethan Lam,2025-01-10,17:23:06,-08:00,2025-01-10T17:23:06-08:00,0,32
index.html,19,html,8bfc20ca,Ethan Lam,2025-01-31,13:19:02,-08:00,2025-01-31T13:19:02-08:00,0,0
index.html,20,html,8bfc20ca,Ethan Lam,2025-01-31,13:19:02,-08:00,2025-01-31T13:19:02-08:00,0,17
index.html,21,html,8bfc20ca,Ethan Lam,2025-01-31,13:19:02,-08:00,2025-01-31T13:19:02-08:00,0,23
index.html,22,html,8bfc20ca,Ethan Lam,2025-01-31,13:19:02,-08:00,2025-01-31T13:19:02-08:00,0,5
index.html,23,html,8bfc20ca,Ethan Lam,2025-01-31,13:19:02,-08:00,2025-01-31T13:19:02-08:00,0,0
index.html,24,html,8bfc20ca,Ethan Lam,2025-01-31,13:19:02,-08:00,2025-01-31T13:19:02-08:00,0,21
index.html,25,html,8bfc20ca,Ethan Lam,2025-01-31,13:19:02,-08:00,2025-01-31T13:19:02-08:00,0,50
index.html,26,html,8bfc20ca,Ethan Lam,2025-01-31,13:19:02,-08:00,2025-01-31T13:19:02-08:00,0,5
index.html,27,html,8bfc20ca,Ethan Lam,2025-01-31,13:19:02,-08:00,2025-01-31T13:19:02-08:00,0,0
index.html,28,html,8bfc20ca,Ethan Lam,2025-01-31,13:19:02,-08:00,2025-01-31T13:19:02-08:00,0,23
index.html,29,html,8bfc20ca,Ethan Lam,2025-01-31,13:19:02,-08:00,2025-01-31T13:19:02-08:00,0,51
index.html,30,html,8bfc20ca,Ethan Lam,2025-01-31,13:19:02,-08:00,2025-01-31T13:19:02-08:00,0,5
index.html,31,html,66cb3f27,Ethan Lam,2025-01-10,17:23:06,-08:00,2025-01-10T17:23:06-08:00,0,0
index.html,32,html,4eb22a16,Ethan Lam,2025-01-09,19:42:16,-08:00,2025-01-09T19:42:16-08:00,0,6
index.html,33,html,4eb22a16,Ethan Lam,2025-01-09,19:42:16,-08:00,2025-01-09T19:42:16-08:00,0,6
global.js,1,js,694c1386,Ethan Lam,2025-01-25,20:47:04,-08:00,2025-01-25T20:47:04-08:00,0,26
global.js,2,js,694c1386,Ethan Lam,2025-01-25,20:47:04,-08:00,2025-01-25T20:47:04-08:00,0,0
global.js,3,js,694c1386,Ethan Lam,2025-01-25,20:47:04,-08:00,2025-01-25T20:47:04-08:00,0,42
global.js,4,js,694c1386,Ethan Lam,2025-01-25,20:47:04,-08:00,2025-01-25T20:47:04-08:00,0,53
global.js,5,js,694c1386,Ethan Lam,2025-01-25,20:47:04,-08:00,2025-01-25T20:47:04-08:00,0,0
global.js,6,js,694c1386,Ethan Lam,2025-01-25,20:47:04,-08:00,2025-01-25T20:47:04-08:00,0,0
global.js,7,js,694c1386,Ethan Lam,2025-01-25,20:47:04,-08:00,2025-01-25T20:47:04-08:00,0,12
global.js,8,js,694c1386,Ethan Lam,2025-01-25,20:47:04,-08:00,2025-01-25T20:47:04-08:00,0,26
global.js,9,js,694c1386,Ethan Lam,2025-01-25,20:47:04,-08:00,2025-01-25T20:47:04-08:00,0,39
global.js,10,js,694c1386,Ethan Lam,2025-01-25,20:47:04,-08:00,2025-01-25T20:47:04-08:00,0,35
global.js,11,js,00000000,Not Committed Yet,2025-02-12,23:43:49,-08:00,2025-02-12T23:43:49-08:00,0,31
global.js,12,js,694c1386,Ethan Lam,2025-01-25,20:47:04,-08:00,2025-01-25T20:47:04-08:00,0,36
global.js,13,js,694c1386,Ethan Lam,2025-01-25,20:47:04,-08:00,2025-01-25T20:47:04-08:00,0,1
global.js,14,js,694c1386,Ethan Lam,2025-01-25,20:47:04,-08:00,2025-01-25T20:47:04-08:00,0,0
global.js,15,js,694c1386,Ethan Lam,2025-01-25,20:47:04,-08:00,2025-01-25T20:47:04-08:00,0,71
global.js,16,js,694c1386,Ethan Lam,2025-01-25,20:47:04,-08:00,2025-01-25T20:47:04-08:00,0,0
global.js,17,js,694c1386,Ethan Lam,2025-01-25,20:47:04,-08:00,2025-01-25T20:47:04-08:00,0,39
global.js,18,js,694c1386,Ethan Lam,2025-01-25,20:47:04,-08:00,2025-01-25T20:47:04-08:00,0,26
global.js,19,js,694c1386,Ethan Lam,2025-01-25,20:47:04,-08:00,2025-01-25T20:47:04-08:00,0,0
global.js,20,js,694c1386,Ethan Lam,2025-01-25,20:47:04,-08:00,2025-01-25T20:47:04-08:00,0,21
global.js,21,js,694c1386,Ethan Lam,2025-01-25,20:47:04,-08:00,2025-01-25T20:47:04-08:00,0,15
global.js,22,js,694c1386,Ethan Lam,2025-01-25,20:47:04,-08:00,2025-01-25T20:47:04-08:00,0,19
global.js,23,js,694c1386,Ethan Lam,2025-01-25,20:47:04,-08:00,2025-01-25T20:47:04-08:00,0,0
global.js,24,js,694c1386,Ethan Lam,2025-01-25,20:47:04,-08:00,2025-01-25T20:47:04-08:00,0,65
global.js,25,js,694c1386,Ethan Lam,2025-01-25,20:47:04,-08:00,2025-01-25T20:47:04-08:00,0,0
global.js,26,js,694c1386,Ethan Lam,2025-01-25,20:47:04,-08:00,2025-01-25T20:47:04-08:00,0,35
global.js,27,js,694c1386,Ethan Lam,2025-01-25,20:47:04,-08:00,2025-01-25T20:47:04-08:00,0,12
global.js,28,js,694c1386,Ethan Lam,2025-01-25,20:47:04,-08:00,2025-01-25T20:47:04-08:00,0,21
global.js,29,js,694c1386,Ethan Lam,2025-01-25,20:47:04,-08:00,2025-01-25T20:47:04-08:00,0,13
global.js,30,js,694c1386,Ethan Lam,2025-01-25,20:47:04,-08:00,2025-01-25T20:47:04-08:00,0,0
global.js,31,js,694c1386,Ethan Lam,2025-01-25,20:47:04,-08:00,2025-01-25T20:47:04-08:00,0,18
global.js,32,js,694c1386,Ethan Lam,2025-01-25,20:47:04,-08:00,2025-01-25T20:47:04-08:00,0,9
global.js,33,js,694c1386,Ethan Lam,2025-01-25,20:47:04,-08:00,2025-01-25T20:47:04-08:00,0,59
global.js,34,js,694c1386,Ethan Lam,2025-01-25,20:47:04,-08:00,2025-01-25T20:47:04-08:00,0,1
global.js,35,js,694c1386,Ethan Lam,2025-01-25,20:47:04,-08:00,2025-01-25T20:47:04-08:00,0,0
global.js,36,js,694c1386,Ethan Lam,2025-01-25,20:47:04,-08:00,2025-01-25T20:47:04-08:00,0,53
global.js,37,js,694c1386,Ethan Lam,2025-01-25,20:47:04,-08:00,2025-01-25T20:47:04-08:00,0,0
global.js,38,js,694c1386,Ethan Lam,2025-01-25,20:47:04,-08:00,2025-01-25T20:47:04-08:00,0,14
global.js,39,js,694c1386,Ethan Lam,2025-01-25,20:47:04,-08:00,2025-01-25T20:47:04-08:00,0,19
global.js,40,js,694c1386,Ethan Lam,2025-01-25,20:47:04,-08:00,2025-01-25T20:47:04-08:00,0,0
global.js,41,js,694c1386,Ethan Lam,2025-01-25,20:47:04,-08:00,2025-01-25T20:47:04-08:00,0,0
global.js,42,js,694c1386,Ethan Lam,2025-01-25,20:47:04,-08:00,2025-01-25T20:47:04-08:00,0,13
global.js,43,js,694c1386,Ethan Lam,2025-01-25,20:47:04,-08:00,2025-01-25T20:47:04-08:00,0,0
global.js,44,js,694c1386,Ethan Lam,2025-01-25,20:47:04,-08:00,2025-01-25T20:47:04-08:00,0,0
global.js,45,js,694c1386,Ethan Lam,2025-01-25,20:47:04,-08:00,2025-01-25T20:47:04-08:00,0,34
global.js,46,js,694c1386,Ethan Lam,2025-01-25,20:47:04,-08:00,2025-01-25T20:47:04-08:00,0,32
global.js,47,js,694c1386,Ethan Lam,2025-01-25,20:47:04,-08:00,2025-01-25T20:47:04-08:00,0,12
global.js,48,js,694c1386,Ethan Lam,2025-01-25,20:47:04,-08:00,2025-01-25T20:47:04-08:00,0,0
global.js,49,js,694c1386,Ethan Lam,2025-01-25,20:47:04,-08:00,2025-01-25T20:47:04-08:00,0,27
global.js,50,js,694c1386,Ethan Lam,2025-01-25,20:47:04,-08:00,2025-01-25T20:47:04-08:00,0,5
global.js,51,js,694c1386,Ethan Lam,2025-01-25,20:47:04,-08:00,2025-01-25T20:47:04-08:00,0,27
global.js,52,js,694c1386,Ethan Lam,2025-01-25,20:47:04,-08:00,2025-01-25T20:47:04-08:00,0,44
global.js,53,js,694c1386,Ethan Lam,2025-01-25,20:47:04,-08:00,2025-01-25T20:47:04-08:00,0,35
global.js,54,js,694c1386,Ethan Lam,2025-01-25,20:47:04,-08:00,2025-01-25T20:47:04-08:00,0,33
global.js,55,js,694c1386,Ethan Lam,2025-01-25,20:47:04,-08:00,2025-01-25T20:47:04-08:00,0,8
global.js,56,js,694c1386,Ethan Lam,2025-01-25,20:47:04,-08:00,2025-01-25T20:47:04-08:00,0,7
global.js,57,js,694c1386,Ethan Lam,2025-01-25,20:47:04,-08:00,2025-01-25T20:47:04-08:00,0,0
global.js,58,js,694c1386,Ethan Lam,2025-01-25,20:47:04,-08:00,2025-01-25T20:47:04-08:00,0,1
global.js,59,js,694c1386,Ethan Lam,2025-01-25,20:47:04,-08:00,2025-01-25T20:47:04-08:00,0,0
global.js,60,js,694c1386,Ethan Lam,2025-01-25,20:47:04,-08:00,2025-01-25T20:47:04-08:00,0,56
global.js,61,js,694c1386,Ethan Lam,2025-01-25,20:47:04,-08:00,2025-01-25T20:47:04-08:00,0,0
global.js,62,js,694c1386,Ethan Lam,2025-01-25,20:47:04,-08:00,2025-01-25T20:47:04-08:00,0,36
global.js,63,js,694c1386,Ethan Lam,2025-01-25,20:47:04,-08:00,2025-01-25T20:47:04-08:00,0,34
global.js,64,js,694c1386,Ethan Lam,2025-01-25,20:47:04,-08:00,2025-01-25T20:47:04-08:00,0,66
global.js,65,js,694c1386,Ethan Lam,2025-01-25,20:47:04,-08:00,2025-01-25T20:47:04-08:00,0,0
global.js,66,js,694c1386,Ethan Lam,2025-01-25,20:47:04,-08:00,2025-01-25T20:47:04-08:00,0,0
global.js,67,js,694c1386,Ethan Lam,2025-01-25,20:47:04,-08:00,2025-01-25T20:47:04-08:00,0,49
global.js,68,js,694c1386,Ethan Lam,2025-01-25,20:47:04,-08:00,2025-01-25T20:47:04-08:00,0,55
global.js,69,js,694c1386,Ethan Lam,2025-01-25,20:47:04,-08:00,2025-01-25T20:47:04-08:00,0,17
global.js,70,js,694c1386,Ethan Lam,2025-01-25,20:47:04,-08:00,2025-01-25T20:47:04-08:00,0,29
global.js,71,js,694c1386,Ethan Lam,2025-01-25,20:47:04,-08:00,2025-01-25T20:47:04-08:00,0,26
global.js,72,js,694c1386,Ethan Lam,2025-01-25,20:47:04,-08:00,2025-01-25T20:47:04-08:00,0,0
global.js,73,js,694c1386,Ethan Lam,2025-01-25,20:47:04,-08:00,2025-01-25T20:47:04-08:00,0,0
global.js,74,js,694c1386,Ethan Lam,2025-01-25,20:47:04,-08:00,2025-01-25T20:47:04-08:00,0,51
global.js,75,js,694c1386,Ethan Lam,2025-01-25,20:47:04,-08:00,2025-01-25T20:47:04-08:00,0,50
global.js,76,js,694c1386,Ethan Lam,2025-01-25,20:47:04,-08:00,2025-01-25T20:47:04-08:00,0,41
global.js,77,js,694c1386,Ethan Lam,2025-01-25,20:47:04,-08:00,2025-01-25T20:47:04-08:00,0,32
global.js,78,js,694c1386,Ethan Lam,2025-01-25,20:47:04,-08:00,2025-01-25T20:47:04-08:00,0,51
global.js,79,js,694c1386,Ethan Lam,2025-01-25,20:47:04,-08:00,2025-01-25T20:47:04-08:00,0,54
global.js,80,js,694c1386,Ethan Lam,2025-01-25,20:47:04,-08:00,2025-01-25T20:47:04-08:00,0,2
global.js,81,js,694c1386,Ethan Lam,2025-01-25,20:47:04,-08:00,2025-01-25T20:47:04-08:00,0,0
global.js,82,js,694c1386,Ethan Lam,2025-01-25,20:47:04,-08:00,2025-01-25T20:47:04-08:00,0,52
global.js,83,js,694c1386,Ethan Lam,2025-01-25,20:47:04,-08:00,2025-01-25T20:47:04-08:00,0,43
global.js,84,js,694c1386,Ethan Lam,2025-01-25,20:47:04,-08:00,2025-01-25T20:47:04-08:00,0,0
global.js,85,js,694c1386,Ethan Lam,2025-01-25,20:47:04,-08:00,2025-01-25T20:47:04-08:00,0,10
global.js,86,js,694c1386,Ethan Lam,2025-01-25,20:47:04,-08:00,2025-01-25T20:47:04-08:00,0,43
global.js,87,js,694c1386,Ethan Lam,2025-01-25,20:47:04,-08:00,2025-01-25T20:47:04-08:00,0,57
global.js,88,js,694c1386,Ethan Lam,2025-01-25,20:47:04,-08:00,2025-01-25T20:47:04-08:00,0,0
global.js,89,js,694c1386,Ethan Lam,2025-01-25,20:47:04,-08:00,2025-01-25T20:47:04-08:00,0,31
global.js,90,js,694c1386,Ethan Lam,2025-01-25,20:47:04,-08:00,2025-01-25T20:47:04-08:00,0,34
global.js,91,js,694c1386,Ethan Lam,2025-01-25,20:47:04,-08:00,2025-01-25T20:47:04-08:00,0,0
global.js,92,js,694c1386,Ethan Lam,2025-01-25,20:47:04,-08:00,2025-01-25T20:47:04-08:00,0,32
global.js,93,js,694c1386,Ethan Lam,2025-01-25,20:47:04,-08:00,2025-01-25T20:47:04-08:00,0,46
global.js,94,js,694c1386,Ethan Lam,2025-01-25,20:47:04,-08:00,2025-01-25T20:47:04-08:00,0,0
global.js,95,js,694c1386,Ethan Lam,2025-01-25,20:47:04,-08:00,2025-01-25T20:47:04-08:00,0,0
global.js,96,js,694c1386,Ethan Lam,2025-01-25,20:47:04,-08:00,2025-01-25T20:47:04-08:00,0,55
global.js,97,js,694c1386,Ethan Lam,2025-01-25,20:47:04,-08:00,2025-01-25T20:47:04-08:00,0,55
global.js,98,js,694c1386,Ethan Lam,2025-01-25,20:47:04,-08:00,2025-01-25T20:47:04-08:00,0,0
global.js,99,js,694c1386,Ethan Lam,2025-01-25,20:47:04,-08:00,2025-01-25T20:47:04-08:00,0,52
global.js,100,js,694c1386,Ethan Lam,2025-01-25,20:47:04,-08:00,2025-01-25T20:47:04-08:00,0,25
global.js,101,js,694c1386,Ethan Lam,2025-01-25,20:47:04,-08:00,2025-01-25T20:47:04-08:00,0,2
global.js,102,js,694c1386,Ethan Lam,2025-01-25,20:47:04,-08:00,2025-01-25T20:47:04-08:00,0,0
global.js,103,js,8bfc20ca,Ethan Lam,2025-01-31,13:19:02,-08:00,2025-01-31T13:19:02-08:00,0,2
global.js,104,js,8bfc20ca,Ethan Lam,2025-01-31,13:19:02,-08:00,2025-01-31T13:19:02-08:00,0,0
global.js,105,js,8bfc20ca,Ethan Lam,2025-01-31,13:19:02,-08:00,2025-01-31T13:19:02-08:00,0,37
global.js,106,js,8bfc20ca,Ethan Lam,2025-01-31,13:19:02,-08:00,2025-01-31T13:19:02-08:00,0,4
global.js,107,js,8bfc20ca,Ethan Lam,2025-01-31,13:19:02,-08:00,2025-01-31T13:19:02-08:00,0,40
global.js,108,js,8bfc20ca,Ethan Lam,2025-01-31,13:19:02,-08:00,2025-01-31T13:19:02-08:00,0,33
global.js,109,js,8bfc20ca,Ethan Lam,2025-01-31,13:19:02,-08:00,2025-01-31T13:19:02-08:00,0,0
global.js,110,js,8bfc20ca,Ethan Lam,2025-01-31,13:19:02,-08:00,2025-01-31T13:19:02-08:00,0,18
global.js,111,js,8bfc20ca,Ethan Lam,2025-01-31,13:19:02,-08:00,2025-01-31T13:19:02-08:00,0,67
global.js,112,js,8bfc20ca,Ethan Lam,2025-01-31,13:19:02,-08:00,2025-01-31T13:19:02-08:00,0,0
global.js,113,js,8bfc20ca,Ethan Lam,2025-01-31,13:19:02,-08:00,2025-01-31T13:19:02-08:00,0,0
global.js,114,js,8bfc20ca,Ethan Lam,2025-01-31,13:19:02,-08:00,2025-01-31T13:19:02-08:00,0,34
global.js,115,js,8bfc20ca,Ethan Lam,2025-01-31,13:19:02,-08:00,2025-01-31T13:19:02-08:00,0,11
global.js,116,js,8bfc20ca,Ethan Lam,2025-01-31,13:19:02,-08:00,2025-01-31T13:19:02-08:00,0,0
global.js,117,js,8bfc20ca,Ethan Lam,2025-01-31,13:19:02,-08:00,2025-01-31T13:19:02-08:00,0,16
global.js,118,js,8bfc20ca,Ethan Lam,2025-01-31,13:19:02,-08:00,2025-01-31T13:19:02-08:00,0,60
global.js,119,js,8bfc20ca,Ethan Lam,2025-01-31,13:19:02,-08:00,2025-01-31T13:19:02-08:00,0,0
global.js,120,js,8bfc20ca,Ethan Lam,2025-01-31,13:19:02,-08:00,2025-01-31T13:19:02-08:00,0,0
global.js,121,js,8bfc20ca,Ethan Lam,2025-01-31,13:19:02,-08:00,2025-01-31T13:19:02-08:00,0,0
global.js,122,js,8bfc20ca,Ethan Lam,2025-01-31,13:19:02,-08:00,2025-01-31T13:19:02-08:00,0,79
global.js,123,js,8bfc20ca,Ethan Lam,2025-01-31,13:19:02,-08:00,2025-01-31T13:19:02-08:00,0,31
global.js,124,js,8bfc20ca,Ethan Lam,2025-01-31,13:19:02,-08:00,2025-01-31T13:19:02-08:00,0,0
global.js,125,js,8bfc20ca,Ethan Lam,2025-01-31,13:19:02,-08:00,2025-01-31T13:19:02-08:00,0,27
global.js,126,js,8bfc20ca,Ethan Lam,2025-01-31,13:19:02,-08:00,2025-01-31T13:19:02-08:00,0,49
global.js,127,js,8bfc20ca,Ethan Lam,2025-01-31,13:19:02,-08:00,2025-01-31T13:19:02-08:00,0,0
global.js,128,js,8bfc20ca,Ethan Lam,2025-01-31,13:19:02,-08:00,2025-01-31T13:19:02-08:00,0,28
global.js,129,js,8bfc20ca,Ethan Lam,2025-01-31,13:19:02,-08:00,2025-01-31T13:19:02-08:00,0,63
global.js,130,js,8bfc20ca,Ethan Lam,2025-01-31,13:19:02,-08:00,2025-01-31T13:19:02-08:00,0,82
global.js,131,js,8bfc20ca,Ethan Lam,2025-01-31,13:19:02,-08:00,2025-01-31T13:19:02-08:00,0,0
global.js,132,js,8bfc20ca,Ethan Lam,2025-01-31,13:19:02,-08:00,2025-01-31T13:19:02-08:00,0,20
global.js,133,js,8bfc20ca,Ethan Lam,2025-01-31,13:19:02,-08:00,2025-01-31T13:19:02-08:00,0,46
global.js,134,js,8bfc20ca,Ethan Lam,2025-01-31,13:19:02,-08:00,2025-01-31T13:19:02-08:00,0,67
global.js,135,js,5bc4429b,Ethan Lam,2025-02-08,19:31:43,-08:00,2025-02-08T19:31:43-08:00,0,0
global.js,136,js,5bc4429b,Ethan Lam,2025-02-08,19:31:43,-08:00,2025-02-08T19:31:43-08:00,0,28
global.js,137,js,5bc4429b,Ethan Lam,2025-02-08,19:31:43,-08:00,2025-02-08T19:31:43-08:00,0,59
global.js,138,js,5bc4429b,Ethan Lam,2025-02-08,19:31:43,-08:00,2025-02-08T19:31:43-08:00,0,45
global.js,139,js,5bc4429b,Ethan Lam,2025-02-08,19:31:43,-08:00,2025-02-08T19:31:43-08:00,0,5
global.js,140,js,8bfc20ca,Ethan Lam,2025-01-31,13:19:02,-08:00,2025-01-31T13:19:02-08:00,0,1
global.js,141,js,5bc4429b,Ethan Lam,2025-02-08,19:31:43,-08:00,2025-02-08T19:31:43-08:00,0,0
global.js,142,js,8bfc20ca,Ethan Lam,2025-01-31,13:19:02,-08:00,2025-01-31T13:19:02-08:00,0,41
global.js,143,js,8bfc20ca,Ethan Lam,2025-01-31,13:19:02,-08:00,2025-01-31T13:19:02-08:00,0,0
global.js,144,js,8bfc20ca,Ethan Lam,2025-01-31,13:19:02,-08:00,2025-01-31T13:19:02-08:00,0,37
global.js,145,js,8bfc20ca,Ethan Lam,2025-01-31,13:19:02,-08:00,2025-01-31T13:19:02-08:00,0,2
global.js,146,js,8bfc20ca,Ethan Lam,2025-01-31,13:19:02,-08:00,2025-01-31T13:19:02-08:00,0,0
global.js,147,js,8bfc20ca,Ethan Lam,2025-01-31,13:19:02,-08:00,2025-01-31T13:19:02-08:00,0,0
global.js,148,js,8bfc20ca,Ethan Lam,2025-01-31,13:19:02,-08:00,2025-01-31T13:19:02-08:00,0,48
global.js,149,js,8bfc20ca,Ethan Lam,2025-01-31,13:19:02,-08:00,2025-01-31T13:19:02-08:00,0,60
global.js,150,js,8bfc20ca,Ethan Lam,2025-01-31,13:19:02,-08:00,2025-01-31T13:19:02-08:00,0,0
global.js,151,js,8bfc20ca,Ethan Lam,2025-01-31,13:19:02,-08:00,2025-01-31T13:19:02-08:00,0,0
resume\index.html,1,html,31a3e7df,Ethan Lam,2025-01-10,23:34:25,-08:00,2025-01-10T23:34:25-08:00,0,14
resume\index.html,2,html,31a3e7df,Ethan Lam,2025-01-10,23:34:25,-08:00,2025-01-10T23:34:25-08:00,0,15
resume\index.html,3,html,31a3e7df,Ethan Lam,2025-01-10,23:34:25,-08:00,2025-01-10T23:34:25-08:00,0,5
resume\index.html,4,html,31a3e7df,Ethan Lam,2025-01-10,23:34:25,-08:00,2025-01-10T23:34:25-08:00,0,21
resume\index.html,5,html,31a3e7df,Ethan Lam,2025-01-10,23:34:25,-08:00,2025-01-10T23:34:25-08:00,0,69
resume\index.html,6,html,31a3e7df,Ethan Lam,2025-01-10,23:34:25,-08:00,2025-01-10T23:34:25-08:00,0,25
resume\index.html,7,html,3303ea02,Ethan Lam,2025-01-15,23:55:12,-08:00,2025-01-15T23:55:12-08:00,0,42
resume\index.html,8,html,694c1386,Ethan Lam,2025-01-25,20:47:04,-08:00,2025-01-25T20:47:04-08:00,0,49
resume\index.html,9,html,31a3e7df,Ethan Lam,2025-01-10,23:34:25,-08:00,2025-01-10T23:34:25-08:00,0,6
resume\index.html,10,html,31a3e7df,Ethan Lam,2025-01-10,23:34:25,-08:00,2025-01-10T23:34:25-08:00,0,0
resume\index.html,11,html,31a3e7df,Ethan Lam,2025-01-10,23:34:25,-08:00,2025-01-10T23:34:25-08:00,0,5
resume\index.html,12,html,694c1386,Ethan Lam,2025-01-25,20:47:04,-08:00,2025-01-25T20:47:04-08:00,0,9
resume\index.html,13,html,3303ea02,Ethan Lam,2025-01-15,23:55:12,-08:00,2025-01-15T23:55:12-08:00,0,36
resume\index.html,14,html,3303ea02,Ethan Lam,2025-01-15,23:55:12,-08:00,2025-01-15T23:55:12-08:00,0,44
resume\index.html,15,html,694c1386,Ethan Lam,2025-01-25,20:47:04,-08:00,2025-01-25T20:47:04-08:00,0,30
resume\index.html,16,html,3303ea02,Ethan Lam,2025-01-15,23:55:12,-08:00,2025-01-15T23:55:12-08:00,0,42
resume\index.html,17,html,694c1386,Ethan Lam,2025-01-25,20:47:04,-08:00,2025-01-25T20:47:04-08:00,0,9
resume\index.html,18,html,3303ea02,Ethan Lam,2025-01-15,23:55:12,-08:00,2025-01-15T23:55:12-08:00,0,0
resume\index.html,19,html,3303ea02,Ethan Lam,2025-01-15,23:55:12,-08:00,2025-01-15T23:55:12-08:00,0,17
resume\index.html,20,html,3303ea02,Ethan Lam,2025-01-15,23:55:12,-08:00,2025-01-15T23:55:12-08:00,0,0
resume\index.html,21,html,31a3e7df,Ethan Lam,2025-01-10,23:34:25,-08:00,2025-01-10T23:34:25-08:00,0,7
resume\index.html,22,html,31a3e7df,Ethan Lam,2025-01-10,23:34:25,-08:00,2025-01-10T23:34:25-08:00,0,3
resume\index.html,23,html,31a3e7df,Ethan Lam,2025-01-10,23:34:25,-08:00,2025-01-10T23:34:25-08:00,0,2
resume\index.html,24,html,3303ea02,Ethan Lam,2025-01-15,23:55:12,-08:00,2025-01-15T23:55:12-08:00,0,51
resume\index.html,25,html,31a3e7df,Ethan Lam,2025-01-10,23:34:25,-08:00,2025-01-10T23:34:25-08:00,0,15
resume\index.html,26,html,31a3e7df,Ethan Lam,2025-01-10,23:34:25,-08:00,2025-01-10T23:34:25-08:00,0,67
resume\index.html,27,html,31a3e7df,Ethan Lam,2025-01-10,23:34:25,-08:00,2025-01-10T23:34:25-08:00,0,50
resume\index.html,28,html,31a3e7df,Ethan Lam,2025-01-10,23:34:25,-08:00,2025-01-10T23:34:25-08:00,0,3
resume\index.html,29,html,31a3e7df,Ethan Lam,2025-01-10,23:34:25,-08:00,2025-01-10T23:34:25-08:00,0,3
resume\index.html,30,html,31a3e7df,Ethan Lam,2025-01-10,23:34:25,-08:00,2025-01-10T23:34:25-08:00,0,8
resume\index.html,31,html,31a3e7df,Ethan Lam,2025-01-10,23:34:25,-08:00,2025-01-10T23:34:25-08:00,0,8
resume\index.html,32,html,31a3e7df,Ethan Lam,2025-01-10,23:34:25,-08:00,2025-01-10T23:34:25-08:00,0,17
resume\index.html,33,html,31a3e7df,Ethan Lam,2025-01-10,23:34:25,-08:00,2025-01-10T23:34:25-08:00,0,2
resume\index.html,34,html,31a3e7df,Ethan Lam,2025-01-10,23:34:25,-08:00,2025-01-10T23:34:25-08:00,0,91
resume\index.html,35,html,31a3e7df,Ethan Lam,2025-01-10,23:34:25,-08:00,2025-01-10T23:34:25-08:00,0,64
resume\index.html,36,html,31a3e7df,Ethan Lam,2025-01-10,23:34:25,-08:00,2025-01-10T23:34:25-08:00,0,28
resume\index.html,37,html,31a3e7df,Ethan Lam,2025-01-10,23:34:25,-08:00,2025-01-10T23:34:25-08:00,0,79
resume\index.html,38,html,31a3e7df,Ethan Lam,2025-01-10,23:34:25,-08:00,2025-01-10T23:34:25-08:00,0,8
resume\index.html,39,html,31a3e7df,Ethan Lam,2025-01-10,23:34:25,-08:00,2025-01-10T23:34:25-08:00,0,3
resume\index.html,40,html,31a3e7df,Ethan Lam,2025-01-10,23:34:25,-08:00,2025-01-10T23:34:25-08:00,0,9
resume\index.html,41,html,31a3e7df,Ethan Lam,2025-01-10,23:34:25,-08:00,2025-01-10T23:34:25-08:00,0,3
resume\index.html,42,html,31a3e7df,Ethan Lam,2025-01-10,23:34:25,-08:00,2025-01-10T23:34:25-08:00,0,8
resume\index.html,43,html,31a3e7df,Ethan Lam,2025-01-10,23:34:25,-08:00,2025-01-10T23:34:25-08:00,0,26
resume\index.html,44,html,31a3e7df,Ethan Lam,2025-01-10,23:34:25,-08:00,2025-01-10T23:34:25-08:00,0,8
resume\index.html,45,html,31a3e7df,Ethan Lam,2025-01-10,23:34:25,-08:00,2025-01-10T23:34:25-08:00,0,73
resume\index.html,46,html,31a3e7df,Ethan Lam,2025-01-10,23:34:25,-08:00,2025-01-10T23:34:25-08:00,0,19
resume\index.html,47,html,31a3e7df,Ethan Lam,2025-01-10,23:34:25,-08:00,2025-01-10T23:34:25-08:00,0,2
resume\index.html,48,html,31a3e7df,Ethan Lam,2025-01-10,23:34:25,-08:00,2025-01-10T23:34:25-08:00,0,81
resume\index.html,49,html,31a3e7df,Ethan Lam,2025-01-10,23:34:25,-08:00,2025-01-10T23:34:25-08:00,0,80
resume\index.html,50,html,31a3e7df,Ethan Lam,2025-01-10,23:34:25,-08:00,2025-01-10T23:34:25-08:00,0,3
resume\index.html,51,html,31a3e7df,Ethan Lam,2025-01-10,23:34:25,-08:00,2025-01-10T23:34:25-08:00,0,3
resume\index.html,52,html,31a3e7df,Ethan Lam,2025-01-10,23:34:25,-08:00,2025-01-10T23:34:25-08:00,0,214
resume\index.html,53,html,31a3e7df,Ethan Lam,2025-01-10,23:34:25,-08:00,2025-01-10T23:34:25-08:00,0,117
resume\index.html,54,html,31a3e7df,Ethan Lam,2025-01-10,23:34:25,-08:00,2025-01-10T23:34:25-08:00,0,222
resume\index.html,55,html,31a3e7df,Ethan Lam,2025-01-10,23:34:25,-08:00,2025-01-10T23:34:25-08:00,0,108
resume\index.html,56,html,31a3e7df,Ethan Lam,2025-01-10,23:34:25,-08:00,2025-01-10T23:34:25-08:00,0,107
resume\index.html,57,html,31a3e7df,Ethan Lam,2025-01-10,23:34:25,-08:00,2025-01-10T23:34:25-08:00,0,4
resume\index.html,58,html,31a3e7df,Ethan Lam,2025-01-10,23:34:25,-08:00,2025-01-10T23:34:25-08:00,0,9
resume\index.html,59,html,31a3e7df,Ethan Lam,2025-01-10,23:34:25,-08:00,2025-01-10T23:34:25-08:00,0,8
resume\index.html,60,html,31a3e7df,Ethan Lam,2025-01-10,23:34:25,-08:00,2025-01-10T23:34:25-08:00,0,29
resume\index.html,61,html,31a3e7df,Ethan Lam,2025-01-10,23:34:25,-08:00,2025-01-10T23:34:25-08:00,0,19
resume\index.html,62,html,31a3e7df,Ethan Lam,2025-01-10,23:34:25,-08:00,2025-01-10T23:34:25-08:00,0,3
resume\index.html,63,html,31a3e7df,Ethan Lam,2025-01-10,23:34:25,-08:00,2025-01-10T23:34:25-08:00,0,107
resume\index.html,64,html,31a3e7df,Ethan Lam,2025-01-10,23:34:25,-08:00,2025-01-10T23:34:25-08:00,0,102
resume\index.html,65,html,31a3e7df,Ethan Lam,2025-01-10,23:34:25,-08:00,2025-01-10T23:34:25-08:00,0,157
resume\index.html,66,html,31a3e7df,Ethan Lam,2025-01-10,23:34:25,-08:00,2025-01-10T23:34:25-08:00,0,136
resume\index.html,67,html,31a3e7df,Ethan Lam,2025-01-10,23:34:25,-08:00,2025-01-10T23:34:25-08:00,0,4
resume\index.html,68,html,31a3e7df,Ethan Lam,2025-01-10,23:34:25,-08:00,2025-01-10T23:34:25-08:00,0,9
resume\index.html,69,html,31a3e7df,Ethan Lam,2025-01-10,23:34:25,-08:00,2025-01-10T23:34:25-08:00,0,8
resume\index.html,70,html,31a3e7df,Ethan Lam,2025-01-10,23:34:25,-08:00,2025-01-10T23:34:25-08:00,0,54
resume\index.html,71,html,31a3e7df,Ethan Lam,2025-01-10,23:34:25,-08:00,2025-01-10T23:34:25-08:00,0,16
resume\index.html,72,html,31a3e7df,Ethan Lam,2025-01-10,23:34:25,-08:00,2025-01-10T23:34:25-08:00,0,3
resume\index.html,73,html,31a3e7df,Ethan Lam,2025-01-10,23:34:25,-08:00,2025-01-10T23:34:25-08:00,0,122
resume\index.html,74,html,31a3e7df,Ethan Lam,2025-01-10,23:34:25,-08:00,2025-01-10T23:34:25-08:00,0,114
resume\index.html,75,html,31a3e7df,Ethan Lam,2025-01-10,23:34:25,-08:00,2025-01-10T23:34:25-08:00,0,168
resume\index.html,76,html,31a3e7df,Ethan Lam,2025-01-10,23:34:25,-08:00,2025-01-10T23:34:25-08:00,0,4
resume\index.html,77,html,31a3e7df,Ethan Lam,2025-01-10,23:34:25,-08:00,2025-01-10T23:34:25-08:00,0,9
resume\index.html,78,html,31a3e7df,Ethan Lam,2025-01-10,23:34:25,-08:00,2025-01-10T23:34:25-08:00,0,9
resume\index.html,79,html,31a3e7df,Ethan Lam,2025-01-10,23:34:25,-08:00,2025-01-10T23:34:25-08:00,0,3
resume\index.html,80,html,31a3e7df,Ethan Lam,2025-01-10,23:34:25,-08:00,2025-01-10T23:34:25-08:00,0,8
resume\index.html,81,html,31a3e7df,Ethan Lam,2025-01-10,23:34:25,-08:00,2025-01-10T23:34:25-08:00,0,24
resume\index.html,82,html,31a3e7df,Ethan Lam,2025-01-10,23:34:25,-08:00,2025-01-10T23:34:25-08:00,0,2
resume\index.html,83,html,31a3e7df,Ethan Lam,2025-01-10,23:34:25,-08:00,2025-01-10T23:34:25-08:00,0,54
resume\index.html,84,html,31a3e7df,Ethan Lam,2025-01-10,23:34:25,-08:00,2025-01-10T23:34:25-08:00,0,111
resume\index.html,85,html,31a3e7df,Ethan Lam,2025-01-10,23:34:25,-08:00,2025-01-10T23:34:25-08:00,0,3
resume\index.html,86,html,31a3e7df,Ethan Lam,2025-01-10,23:34:25,-08:00,2025-01-10T23:34:25-08:00,0,9
resume\index.html,87,html,31a3e7df,Ethan Lam,2025-01-10,23:34:25,-08:00,2025-01-10T23:34:25-08:00,0,3
resume\index.html,88,html,31a3e7df,Ethan Lam,2025-01-10,23:34:25,-08:00,2025-01-10T23:34:25-08:00,0,8
resume\index.html,89,html,31a3e7df,Ethan Lam,2025-01-10,23:34:25,-08:00,2025-01-10T23:34:25-08:00,0,31
resume\index.html,90,html,31a3e7df,Ethan Lam,2025-01-10,23:34:25,-08:00,2025-01-10T23:34:25-08:00,0,8
resume\index.html,91,html,31a3e7df,Ethan Lam,2025-01-10,23:34:25,-08:00,2025-01-10T23:34:25-08:00,0,35
resume\index.html,92,html,31a3e7df,Ethan Lam,2025-01-10,23:34:25,-08:00,2025-01-10T23:34:25-08:00,0,48
resume\index.html,93,html,31a3e7df,Ethan Lam,2025-01-10,23:34:25,-08:00,2025-01-10T23:34:25-08:00,0,3
resume\index.html,94,html,31a3e7df,Ethan Lam,2025-01-10,23:34:25,-08:00,2025-01-10T23:34:25-08:00,0,97
resume\index.html,95,html,31a3e7df,Ethan Lam,2025-01-10,23:34:25,-08:00,2025-01-10T23:34:25-08:00,0,146
resume\index.html,96,html,31a3e7df,Ethan Lam,2025-01-10,23:34:25,-08:00,2025-01-10T23:34:25-08:00,0,4
resume\index.html,97,html,31a3e7df,Ethan Lam,2025-01-10,23:34:25,-08:00,2025-01-10T23:34:25-08:00,0,9
resume\index.html,98,html,31a3e7df,Ethan Lam,2025-01-10,23:34:25,-08:00,2025-01-10T23:34:25-08:00,0,8
resume\index.html,99,html,31a3e7df,Ethan Lam,2025-01-10,23:34:25,-08:00,2025-01-10T23:34:25-08:00,0,31
resume\index.html,100,html,31a3e7df,Ethan Lam,2025-01-10,23:34:25,-08:00,2025-01-10T23:34:25-08:00,0,90
resume\index.html,101,html,31a3e7df,Ethan Lam,2025-01-10,23:34:25,-08:00,2025-01-10T23:34:25-08:00,0,9
resume\index.html,102,html,31a3e7df,Ethan Lam,2025-01-10,23:34:25,-08:00,2025-01-10T23:34:25-08:00,0,9
resume\index.html,103,html,31a3e7df,Ethan Lam,2025-01-10,23:34:25,-08:00,2025-01-10T23:34:25-08:00,0,0
resume\index.html,104,html,31a3e7df,Ethan Lam,2025-01-10,23:34:25,-08:00,2025-01-10T23:34:25-08:00,0,6
resume\index.html,105,html,31a3e7df,Ethan Lam,2025-01-10,23:34:25,-08:00,2025-01-10T23:34:25-08:00,0,6
projects\projects.js,1,js,8bfc20ca,Ethan Lam,2025-01-31,13:19:02,-08:00,2025-01-31T13:19:02-08:00,0,56
projects\projects.js,2,js,5bc4429b,Ethan Lam,2025-02-08,19:31:43,-08:00,2025-02-08T19:31:43-08:00,0,64
projects\projects.js,3,js,8bfc20ca,Ethan Lam,2025-01-31,13:19:02,-08:00,2025-01-31T13:19:02-08:00,0,0
projects\projects.js,4,js,8bfc20ca,Ethan Lam,2025-01-31,13:19:02,-08:00,2025-01-31T13:19:02-08:00,0,61
projects\projects.js,5,js,5bc4429b,Ethan Lam,2025-02-08,19:31:43,-08:00,2025-02-08T19:31:43-08:00,0,54
projects\projects.js,6,js,8bfc20ca,Ethan Lam,2025-01-31,13:19:02,-08:00,2025-01-31T13:19:02-08:00,0,49
projects\projects.js,7,js,5bc4429b,Ethan Lam,2025-02-08,19:31:43,-08:00,2025-02-08T19:31:43-08:00,0,22
projects\projects.js,8,js,5bc4429b,Ethan Lam,2025-02-08,19:31:43,-08:00,2025-02-08T19:31:43-08:00,0,0
projects\projects.js,9,js,5bc4429b,Ethan Lam,2025-02-08,19:31:43,-08:00,2025-02-08T19:31:43-08:00,0,24
projects\projects.js,10,js,5bc4429b,Ethan Lam,2025-02-08,19:31:43,-08:00,2025-02-08T19:31:43-08:00,0,0
projects\projects.js,11,js,5bc4429b,Ethan Lam,2025-02-08,19:31:43,-08:00,2025-02-08T19:31:43-08:00,0,20
projects\projects.js,12,js,5bc4429b,Ethan Lam,2025-02-08,19:31:43,-08:00,2025-02-08T19:31:43-08:00,0,54
projects\projects.js,13,js,5bc4429b,Ethan Lam,2025-02-08,19:31:43,-08:00,2025-02-08T19:31:43-08:00,0,0
projects\projects.js,14,js,5bc4429b,Ethan Lam,2025-02-08,19:31:43,-08:00,2025-02-08T19:31:43-08:00,0,51
projects\projects.js,15,js,5bc4429b,Ethan Lam,2025-02-08,19:31:43,-08:00,2025-02-08T19:31:43-08:00,0,31
projects\projects.js,16,js,5bc4429b,Ethan Lam,2025-02-08,19:31:43,-08:00,2025-02-08T19:31:43-08:00,0,32
projects\projects.js,17,js,5bc4429b,Ethan Lam,2025-02-08,19:31:43,-08:00,2025-02-08T19:31:43-08:00,0,56
projects\projects.js,18,js,5bc4429b,Ethan Lam,2025-02-08,19:31:43,-08:00,2025-02-08T19:31:43-08:00,0,1
projects\projects.js,19,js,5bc4429b,Ethan Lam,2025-02-08,19:31:43,-08:00,2025-02-08T19:31:43-08:00,0,0
projects\projects.js,20,js,5bc4429b,Ethan Lam,2025-02-08,19:31:43,-08:00,2025-02-08T19:31:43-08:00,0,0
projects\projects.js,21,js,5bc4429b,Ethan Lam,2025-02-08,19:31:43,-08:00,2025-02-08T19:31:43-08:00,0,34
projects\projects.js,22,js,5bc4429b,Ethan Lam,2025-02-08,19:31:43,-08:00,2025-02-08T19:31:43-08:00,0,39
projects\projects.js,23,js,5bc4429b,Ethan Lam,2025-02-08,19:31:43,-08:00,2025-02-08T19:31:43-08:00,0,50
projects\projects.js,24,js,5bc4429b,Ethan Lam,2025-02-08,19:31:43,-08:00,2025-02-08T19:31:43-08:00,0,43
projects\projects.js,25,js,5bc4429b,Ethan Lam,2025-02-08,19:31:43,-08:00,2025-02-08T19:31:43-08:00,0,45
projects\projects.js,26,js,5bc4429b,Ethan Lam,2025-02-08,19:31:43,-08:00,2025-02-08T19:31:43-08:00,0,6
projects\projects.js,27,js,5bc4429b,Ethan Lam,2025-02-08,19:31:43,-08:00,2025-02-08T19:31:43-08:00,0,0
projects\projects.js,28,js,5bc4429b,Ethan Lam,2025-02-08,19:31:43,-08:00,2025-02-08T19:31:43-08:00,0,0
projects\projects.js,29,js,5bc4429b,Ethan Lam,2025-02-08,19:31:43,-08:00,2025-02-08T19:31:43-08:00,0,25
projects\projects.js,30,js,5bc4429b,Ethan Lam,2025-02-08,19:31:43,-08:00,2025-02-08T19:31:43-08:00,0,30
projects\projects.js,31,js,5bc4429b,Ethan Lam,2025-02-08,19:31:43,-08:00,2025-02-08T19:31:43-08:00,0,13
projects\projects.js,32,js,5bc4429b,Ethan Lam,2025-02-08,19:31:43,-08:00,2025-02-08T19:31:43-08:00,0,15
projects\projects.js,33,js,5bc4429b,Ethan Lam,2025-02-08,19:31:43,-08:00,2025-02-08T19:31:43-08:00,0,12
projects\projects.js,34,js,5bc4429b,Ethan Lam,2025-02-08,19:31:43,-08:00,2025-02-08T19:31:43-08:00,0,1
projects\projects.js,35,js,5bc4429b,Ethan Lam,2025-02-08,19:31:43,-08:00,2025-02-08T19:31:43-08:00,0,0
projects\projects.js,36,js,5bc4429b,Ethan Lam,2025-02-08,19:31:43,-08:00,2025-02-08T19:31:43-08:00,0,32
projects\projects.js,37,js,5bc4429b,Ethan Lam,2025-02-08,19:31:43,-08:00,2025-02-08T19:31:43-08:00,0,52
projects\projects.js,38,js,5bc4429b,Ethan Lam,2025-02-08,19:31:43,-08:00,2025-02-08T19:31:43-08:00,0,12
projects\projects.js,39,js,5bc4429b,Ethan Lam,2025-02-08,19:31:43,-08:00,2025-02-08T19:31:43-08:00,0,10
projects\projects.js,40,js,5bc4429b,Ethan Lam,2025-02-08,19:31:43,-08:00,2025-02-08T19:31:43-08:00,0,3
projects\projects.js,41,js,5bc4429b,Ethan Lam,2025-02-08,19:31:43,-08:00,2025-02-08T19:31:43-08:00,0,0
projects\projects.js,42,js,5bc4429b,Ethan Lam,2025-02-08,19:31:43,-08:00,2025-02-08T19:31:43-08:00,0,49
projects\projects.js,43,js,5bc4429b,Ethan Lam,2025-02-08,19:31:43,-08:00,2025-02-08T19:31:43-08:00,0,54
projects\projects.js,44,js,5bc4429b,Ethan Lam,2025-02-08,19:31:43,-08:00,2025-02-08T19:31:43-08:00,0,43
projects\projects.js,45,js,5bc4429b,Ethan Lam,2025-02-08,19:31:43,-08:00,2025-02-08T19:31:43-08:00,0,61
projects\projects.js,46,js,5bc4429b,Ethan Lam,2025-02-08,19:31:43,-08:00,2025-02-08T19:31:43-08:00,0,48
projects\projects.js,47,js,5bc4429b,Ethan Lam,2025-02-08,19:31:43,-08:00,2025-02-08T19:31:43-08:00,0,26
projects\projects.js,48,js,5bc4429b,Ethan Lam,2025-02-08,19:31:43,-08:00,2025-02-08T19:31:43-08:00,0,0
projects\projects.js,49,js,5bc4429b,Ethan Lam,2025-02-08,19:31:43,-08:00,2025-02-08T19:31:43-08:00,0,54
projects\projects.js,50,js,5bc4429b,Ethan Lam,2025-02-08,19:31:43,-08:00,2025-02-08T19:31:43-08:00,0,30
projects\projects.js,51,js,5bc4429b,Ethan Lam,2025-02-08,19:31:43,-08:00,2025-02-08T19:31:43-08:00,0,45
projects\projects.js,52,js,5bc4429b,Ethan Lam,2025-02-08,19:31:43,-08:00,2025-02-08T19:31:43-08:00,0,0
projects\projects.js,53,js,5bc4429b,Ethan Lam,2025-02-08,19:31:43,-08:00,2025-02-08T19:31:43-08:00,0,27
projects\projects.js,54,js,5bc4429b,Ethan Lam,2025-02-08,19:31:43,-08:00,2025-02-08T19:31:43-08:00,0,2
projects\projects.js,55,js,5bc4429b,Ethan Lam,2025-02-08,19:31:43,-08:00,2025-02-08T19:31:43-08:00,0,17
projects\projects.js,56,js,5bc4429b,Ethan Lam,2025-02-08,19:31:43,-08:00,2025-02-08T19:31:43-08:00,0,16
projects\projects.js,57,js,5bc4429b,Ethan Lam,2025-02-08,19:31:43,-08:00,2025-02-08T19:31:43-08:00,0,7
projects\projects.js,58,js,5bc4429b,Ethan Lam,2025-02-08,19:31:43,-08:00,2025-02-08T19:31:43-08:00,0,14
projects\projects.js,59,js,5bc4429b,Ethan Lam,2025-02-08,19:31:43,-08:00,2025-02-08T19:31:43-08:00,0,26
projects\projects.js,60,js,5bc4429b,Ethan Lam,2025-02-08,19:31:43,-08:00,2025-02-08T19:31:43-08:00,0,100
projects\projects.js,61,js,5bc4429b,Ethan Lam,2025-02-08,19:31:43,-08:00,2025-02-08T19:31:43-08:00,0,35
projects\projects.js,62,js,5bc4429b,Ethan Lam,2025-02-08,19:31:43,-08:00,2025-02-08T19:31:43-08:00,0,27
projects\projects.js,63,js,5bc4429b,Ethan Lam,2025-02-08,19:31:43,-08:00,2025-02-08T19:31:43-08:00,0,29
projects\projects.js,64,js,5bc4429b,Ethan Lam,2025-02-08,19:31:43,-08:00,2025-02-08T19:31:43-08:00,0,64
projects\projects.js,65,js,5bc4429b,Ethan Lam,2025-02-08,19:31:43,-08:00,2025-02-08T19:31:43-08:00,0,0
projects\projects.js,66,js,5bc4429b,Ethan Lam,2025-02-08,19:31:43,-08:00,2025-02-08T19:31:43-08:00,0,26
projects\projects.js,67,js,5bc4429b,Ethan Lam,2025-02-08,19:31:43,-08:00,2025-02-08T19:31:43-08:00,0,54
projects\projects.js,68,js,5bc4429b,Ethan Lam,2025-02-08,19:31:43,-08:00,2025-02-08T19:31:43-08:00,0,7
projects\projects.js,69,js,5bc4429b,Ethan Lam,2025-02-08,19:31:43,-08:00,2025-02-08T19:31:43-08:00,0,47
projects\projects.js,70,js,5bc4429b,Ethan Lam,2025-02-08,19:31:43,-08:00,2025-02-08T19:31:43-08:00,0,79
projects\projects.js,71,js,5bc4429b,Ethan Lam,2025-02-08,19:31:43,-08:00,2025-02-08T19:31:43-08:00,0,57
projects\projects.js,72,js,5bc4429b,Ethan Lam,2025-02-08,19:31:43,-08:00,2025-02-08T19:31:43-08:00,0,0
projects\projects.js,73,js,5bc4429b,Ethan Lam,2025-02-08,19:31:43,-08:00,2025-02-08T19:31:43-08:00,0,0
projects\projects.js,74,js,5bc4429b,Ethan Lam,2025-02-08,19:31:43,-08:00,2025-02-08T19:31:43-08:00,0,67
projects\projects.js,75,js,5bc4429b,Ethan Lam,2025-02-08,19:31:43,-08:00,2025-02-08T19:31:43-08:00,0,1
projects\projects.js,76,js,5bc4429b,Ethan Lam,2025-02-08,19:31:43,-08:00,2025-02-08T19:31:43-08:00,0,65
projects\projects.js,77,js,5bc4429b,Ethan Lam,2025-02-08,19:31:43,-08:00,2025-02-08T19:31:43-08:00,0,0
projects\projects.js,78,js,5bc4429b,Ethan Lam,2025-02-08,19:31:43,-08:00,2025-02-08T19:31:43-08:00,0,69
projects\projects.js,79,js,5bc4429b,Ethan Lam,2025-02-08,19:31:43,-08:00,2025-02-08T19:31:43-08:00,0,33
projects\projects.js,80,js,5bc4429b,Ethan Lam,2025-02-08,19:31:43,-08:00,2025-02-08T19:31:43-08:00,0,23
projects\projects.js,81,js,5bc4429b,Ethan Lam,2025-02-08,19:31:43,-08:00,2025-02-08T19:31:43-08:00,0,15
projects\projects.js,82,js,5bc4429b,Ethan Lam,2025-02-08,19:31:43,-08:00,2025-02-08T19:31:43-08:00,0,13
projects\projects.js,83,js,5bc4429b,Ethan Lam,2025-02-08,19:31:43,-08:00,2025-02-08T19:31:43-08:00,0,7
projects\projects.js,84,js,5bc4429b,Ethan Lam,2025-02-08,19:31:43,-08:00,2025-02-08T19:31:43-08:00,0,12
projects\projects.js,85,js,5bc4429b,Ethan Lam,2025-02-08,19:31:43,-08:00,2025-02-08T19:31:43-08:00,0,98
projects\projects.js,86,js,5bc4429b,Ethan Lam,2025-02-08,19:31:43,-08:00,2025-02-08T19:31:43-08:00,0,47
projects\projects.js,87,js,5bc4429b,Ethan Lam,2025-02-08,19:31:43,-08:00,2025-02-08T19:31:43-08:00,0,125
projects\projects.js,88,js,5bc4429b,Ethan Lam,2025-02-08,19:31:43,-08:00,2025-02-08T19:31:43-08:00,0,27
projects\projects.js,89,js,5bc4429b,Ethan Lam,2025-02-08,19:31:43,-08:00,2025-02-08T19:31:43-08:00,0,26
projects\projects.js,90,js,5bc4429b,Ethan Lam,2025-02-08,19:31:43,-08:00,2025-02-08T19:31:43-08:00,0,64
projects\projects.js,91,js,5bc4429b,Ethan Lam,2025-02-08,19:31:43,-08:00,2025-02-08T19:31:43-08:00,0,0
projects\projects.js,92,js,00000000,Not Committed Yet,2025-02-12,23:43:49,-08:00,2025-02-12T23:43:49-08:00,0,68
projects\projects.js,93,js,00000000,Not Committed Yet,2025-02-12,23:43:49,-08:00,2025-02-12T23:43:49-08:00,0,85
projects\projects.js,94,js,8bfc20ca,Ethan Lam,2025-01-31,13:19:02,-08:00,2025-01-31T13:19:02-08:00,0,0
projects\projects.js,95,js,00000000,Not Committed Yet,2025-02-12,23:43:49,-08:00,2025-02-12T23:43:49-08:00,0,152
projects\projects.js,96,js,5bc4429b,Ethan Lam,2025-02-08,19:31:43,-08:00,2025-02-08T19:31:43-08:00,0,2
projects\projects.js,97,js,5bc4429b,Ethan Lam,2025-02-08,19:31:43,-08:00,2025-02-08T19:31:43-08:00,0,0
projects\projects.js,98,js,8bfc20ca,Ethan Lam,2025-01-31,13:19:02,-08:00,2025-01-31T13:19:02-08:00,0,0
projects\projects.js,99,js,5bc4429b,Ethan Lam,2025-02-08,19:31:43,-08:00,2025-02-08T19:31:43-08:00,0,23
projects\projects.js,100,js,5bc4429b,Ethan Lam,2025-02-08,19:31:43,-08:00,2025-02-08T19:31:43-08:00,0,50
projects\projects.js,101,js,5bc4429b,Ethan Lam,2025-02-08,19:31:43,-08:00,2025-02-08T19:31:43-08:00,0,30
projects\projects.js,102,js,5bc4429b,Ethan Lam,2025-02-08,19:31:43,-08:00,2025-02-08T19:31:43-08:00,0,44
projects\projects.js,103,js,5bc4429b,Ethan Lam,2025-02-08,19:31:43,-08:00,2025-02-08T19:31:43-08:00,0,0
projects\projects.js,104,js,5bc4429b,Ethan Lam,2025-02-08,19:31:43,-08:00,2025-02-08T19:31:43-08:00,0,54
projects\projects.js,105,js,5bc4429b,Ethan Lam,2025-02-08,19:31:43,-08:00,2025-02-08T19:31:43-08:00,0,57
projects\projects.js,106,js,5bc4429b,Ethan Lam,2025-02-08,19:31:43,-08:00,2025-02-08T19:31:43-08:00,0,32
projects\projects.js,107,js,5bc4429b,Ethan Lam,2025-02-08,19:31:43,-08:00,2025-02-08T19:31:43-08:00,0,2
projects\index.html,1,html,66cb3f27,Ethan Lam,2025-01-10,17:23:06,-08:00,2025-01-10T17:23:06-08:00,0,14
projects\index.html,2,html,66cb3f27,Ethan Lam,2025-01-10,17:23:06,-08:00,2025-01-10T17:23:06-08:00,0,15
projects\index.html,3,html,66cb3f27,Ethan Lam,2025-01-10,17:23:06,-08:00,2025-01-10T17:23:06-08:00,0,5
projects\index.html,4,html,66cb3f27,Ethan Lam,2025-01-10,17:23:06,-08:00,2025-01-10T17:23:06-08:00,0,21
projects\index.html,5,html,66cb3f27,Ethan Lam,2025-01-10,17:23:06,-08:00,2025-01-10T17:23:06-08:00,0,69
projects\index.html,6,html,66cb3f27,Ethan Lam,2025-01-10,17:23:06,-08:00,2025-01-10T17:23:06-08:00,0,22
projects\index.html,7,html,8bfc20ca,Ethan Lam,2025-01-31,13:19:02,-08:00,2025-01-31T13:19:02-08:00,0,42
projects\index.html,8,html,8bfc20ca,Ethan Lam,2025-01-31,13:19:02,-08:00,2025-01-31T13:19:02-08:00,0,49
projects\index.html,9,html,8bfc20ca,Ethan Lam,2025-01-31,13:19:02,-08:00,2025-01-31T13:19:02-08:00,0,48
projects\index.html,10,html,66cb3f27,Ethan Lam,2025-01-10,17:23:06,-08:00,2025-01-10T17:23:06-08:00,0,6
projects\index.html,11,html,66cb3f27,Ethan Lam,2025-01-10,17:23:06,-08:00,2025-01-10T17:23:06-08:00,0,5
projects\index.html,12,html,3303ea02,Ethan Lam,2025-01-15,23:55:12,-08:00,2025-01-15T23:55:12-08:00,0,0
projects\index.html,13,html,3303ea02,Ethan Lam,2025-01-15,23:55:12,-08:00,2025-01-15T23:55:12-08:00,0,19
projects\index.html,14,html,3303ea02,Ethan Lam,2025-01-15,23:55:12,-08:00,2025-01-15T23:55:12-08:00,0,0
projects\index.html,15,html,5bc4429b,Ethan Lam,2025-02-08,19:31:43,-08:00,2025-02-08T19:31:43-08:00,0,5
projects\index.html,16,html,5bc4429b,Ethan Lam,2025-02-08,19:31:43,-08:00,2025-02-08T19:31:43-08:00,0,16
projects\index.html,17,html,5bc4429b,Ethan Lam,2025-02-08,19:31:43,-08:00,2025-02-08T19:31:43-08:00,0,12
projects\index.html,18,html,5bc4429b,Ethan Lam,2025-02-08,19:31:43,-08:00,2025-02-08T19:31:43-08:00,0,27
projects\index.html,19,html,5bc4429b,Ethan Lam,2025-02-08,19:31:43,-08:00,2025-02-08T19:31:43-08:00,0,32
projects\index.html,20,html,5bc4429b,Ethan Lam,2025-02-08,19:31:43,-08:00,2025-02-08T19:31:43-08:00,0,1
projects\index.html,21,html,5bc4429b,Ethan Lam,2025-02-08,19:31:43,-08:00,2025-02-08T19:31:43-08:00,0,0
projects\index.html,22,html,5bc4429b,Ethan Lam,2025-02-08,19:31:43,-08:00,2025-02-08T19:31:43-08:00,0,22
projects\index.html,23,html,5bc4429b,Ethan Lam,2025-02-08,19:31:43,-08:00,2025-02-08T19:31:43-08:00,0,0
projects\index.html,24,html,5bc4429b,Ethan Lam,2025-02-08,19:31:43,-08:00,2025-02-08T19:31:43-08:00,0,59
projects\index.html,25,html,5bc4429b,Ethan Lam,2025-02-08,19:31:43,-08:00,2025-02-08T19:31:43-08:00,0,0
projects\index.html,26,html,5bc4429b,Ethan Lam,2025-02-08,19:31:43,-08:00,2025-02-08T19:31:43-08:00,0,23
projects\index.html,27,html,5bc4429b,Ethan Lam,2025-02-08,19:31:43,-08:00,2025-02-08T19:31:43-08:00,0,0
projects\index.html,28,html,5bc4429b,Ethan Lam,2025-02-08,19:31:43,-08:00,2025-02-08T19:31:43-08:00,0,5
projects\index.html,29,html,5bc4429b,Ethan Lam,2025-02-08,19:31:43,-08:00,2025-02-08T19:31:43-08:00,0,0
projects\index.html,30,html,3303ea02,Ethan Lam,2025-01-15,23:55:12,-08:00,2025-01-15T23:55:12-08:00,0,21
projects\index.html,31,html,5bc4429b,Ethan Lam,2025-02-08,19:31:43,-08:00,2025-02-08T19:31:43-08:00,0,0
projects\index.html,32,html,3303ea02,Ethan Lam,2025-01-15,23:55:12,-08:00,2025-01-15T23:55:12-08:00,0,5
projects\index.html,33,html,3303ea02,Ethan Lam,2025-01-15,23:55:12,-08:00,2025-01-15T23:55:12-08:00,0,0
projects\index.html,34,html,3303ea02,Ethan Lam,2025-01-15,23:55:12,-08:00,2025-01-15T23:55:12-08:00,0,0
projects\index.html,35,html,66cb3f27,Ethan Lam,2025-01-10,17:23:06,-08:00,2025-01-10T17:23:06-08:00,0,6
projects\index.html,36,html,66cb3f27,Ethan Lam,2025-01-10,17:23:06,-08:00,2025-01-10T17:23:06-08:00,0,6
contact\index.html,1,html,66cb3f27,Ethan Lam,2025-01-10,17:23:06,-08:00,2025-01-10T17:23:06-08:00,0,14
contact\index.html,2,html,3303ea02,Ethan Lam,2025-01-15,23:55:12,-08:00,2025-01-15T23:55:12-08:00,0,59
contact\index.html,3,html,66cb3f27,Ethan Lam,2025-01-10,17:23:06,-08:00,2025-01-10T17:23:06-08:00,0,5
contact\index.html,4,html,66cb3f27,Ethan Lam,2025-01-10,17:23:06,-08:00,2025-01-10T17:23:06-08:00,0,21
contact\index.html,5,html,66cb3f27,Ethan Lam,2025-01-10,17:23:06,-08:00,2025-01-10T17:23:06-08:00,0,69
contact\index.html,6,html,3303ea02,Ethan Lam,2025-01-15,23:55:12,-08:00,2025-01-15T23:55:12-08:00,0,21
contact\index.html,7,html,3303ea02,Ethan Lam,2025-01-15,23:55:12,-08:00,2025-01-15T23:55:12-08:00,0,42
contact\index.html,8,html,694c1386,Ethan Lam,2025-01-25,20:47:04,-08:00,2025-01-25T20:47:04-08:00,0,49
contact\index.html,9,html,66cb3f27,Ethan Lam,2025-01-10,17:23:06,-08:00,2025-01-10T17:23:06-08:00,0,6
contact\index.html,10,html,3303ea02,Ethan Lam,2025-01-15,23:55:12,-08:00,2025-01-15T23:55:12-08:00,0,0
contact\index.html,11,html,66cb3f27,Ethan Lam,2025-01-10,17:23:06,-08:00,2025-01-10T17:23:06-08:00,0,5
contact\index.html,12,html,694c1386,Ethan Lam,2025-01-25,20:47:04,-08:00,2025-01-25T20:47:04-08:00,0,0
contact\index.html,13,html,694c1386,Ethan Lam,2025-01-25,20:47:04,-08:00,2025-01-25T20:47:04-08:00,0,9
contact\index.html,14,html,3303ea02,Ethan Lam,2025-01-15,23:55:12,-08:00,2025-01-15T23:55:12-08:00,0,36
contact\index.html,15,html,3303ea02,Ethan Lam,2025-01-15,23:55:12,-08:00,2025-01-15T23:55:12-08:00,0,44
contact\index.html,16,html,3303ea02,Ethan Lam,2025-01-15,23:55:12,-08:00,2025-01-15T23:55:12-08:00,0,40
contact\index.html,17,html,694c1386,Ethan Lam,2025-01-25,20:47:04,-08:00,2025-01-25T20:47:04-08:00,0,31
contact\index.html,18,html,694c1386,Ethan Lam,2025-01-25,20:47:04,-08:00,2025-01-25T20:47:04-08:00,0,9
contact\index.html,19,html,31a3e7df,Ethan Lam,2025-01-10,23:34:25,-08:00,2025-01-10T23:34:25-08:00,0,0
contact\index.html,20,html,3303ea02,Ethan Lam,2025-01-15,23:55:12,-08:00,2025-01-15T23:55:12-08:00,0,19
contact\index.html,21,html,31a3e7df,Ethan Lam,2025-01-10,23:34:25,-08:00,2025-01-10T23:34:25-08:00,0,0
contact\index.html,22,html,694c1386,Ethan Lam,2025-01-25,20:47:04,-08:00,2025-01-25T20:47:04-08:00,0,36
contact\index.html,23,html,3303ea02,Ethan Lam,2025-01-15,23:55:12,-08:00,2025-01-15T23:55:12-08:00,0,22
contact\index.html,24,html,3303ea02,Ethan Lam,2025-01-15,23:55:12,-08:00,2025-01-15T23:55:12-08:00,0,21
contact\index.html,25,html,3303ea02,Ethan Lam,2025-01-15,23:55:12,-08:00,2025-01-15T23:55:12-08:00,0,0
contact\index.html,26,html,694c1386,Ethan Lam,2025-01-25,20:47:04,-08:00,2025-01-25T20:47:04-08:00,0,22
contact\index.html,27,html,3303ea02,Ethan Lam,2025-01-15,23:55:12,-08:00,2025-01-15T23:55:12-08:00,0,32
contact\index.html,28,html,3303ea02,Ethan Lam,2025-01-15,23:55:12,-08:00,2025-01-15T23:55:12-08:00,0,0
contact\index.html,29,html,694c1386,Ethan Lam,2025-01-25,20:47:04,-08:00,2025-01-25T20:47:04-08:00,0,34
contact\index.html,30,html,31a3e7df,Ethan Lam,2025-01-10,23:34:25,-08:00,2025-01-10T23:34:25-08:00,0,6
contact\index.html,31,html,66cb3f27,Ethan Lam,2025-01-10,17:23:06,-08:00,2025-01-10T17:23:06-08:00,0,6
contact\index.html,32,html,3303ea02,Ethan Lam,2025-01-15,23:55:12,-08:00,2025-01-15T23:55:12-08:00,0,0
contact\index.html,33,html,66cb3f27,Ethan Lam,2025-01-10,17:23:06,-08:00,2025-01-10T17:23:06-08:00,0,6
